timestamp,index_symbol,commander_state,battle_status,evidence_verdict,evidence_score,call_confidence,put_confidence,premium_flow_side,rotation_state,decay_state,straddle_structure,straddle_bias,spot_price,atm_straddle,outcome_15m,outcome_detail_15m
2026-07-30T09:15:00+05:30,BSE:SENSEX-INDEX,MIXED_PREMIUM_REGIME,HOLD_FIRE,WEAK_PUT_BIAS,10.0,0.0,10.0,BALANCED,UPWARD_ROTATION,TIME_PASS,OPENING_RANGE_NOT_READY,NEUTRAL,77638.86,341.85,WRONG,Spot +74.44
2026-07-30T09:16:00+05:30,BSE:SENSEX-INDEX,MIXED_PREMIUM_REGIME,HOLD_FIRE,WEAK_PUT_BIAS,10.0,0.0,10.0,CALL,UPWARD_ROTATION,BALANCED,OPENING_RANGE_NOT_READY,NEUTRAL,77589.93,314.45,WRONG,Spot +97.34
2026-07-30T09:17:00+05:30,BSE:SENSEX-INDEX,MIXED_PREMIUM_REGIME,HOLD_FIRE,WEAK_PUT_BIAS,25.0,0.0,25.0,BALANCED,UPWARD_ROTATION,BALANCED,OPENING_RANGE_NOT_READY,NEUTRAL,77515.38,305.5,WRONG,Spot +195.48
2026-07-30T09:18:00+05:30,BSE:SENSEX-INDEX,MIXED_PREMIUM_REGIME,HOLD_FIRE,WEAK_PUT_BIAS,25.0,0.0,25.0,CALL,AGGRESSIVE_UPWARD_ROTATION,SLOW_DECAY,OPENING_RANGE_NOT_READY,NEUTRAL,77613.96,307.35,WRONG,Spot +110.59
2026-07-30T09:19:00+05:30,BSE:SENSEX-INDEX,MIXED_PREMIUM_REGIME,WAIT,WEAK_CALL_BIAS,30.0,30.0,10.0,CALL,AGGRESSIVE_UPWARD_ROTATION,SLOW_DECAY,OPENING_RANGE_NOT_READY,NEUTRAL,77653.34,318.95,CORRECT,Spot +32.83
2026-07-30T09:20:00+05:30,BSE:SENSEX-INDEX,MIXED_PREMIUM_REGIME,WAIT,WEAK_CALL_BIAS,40.0,40.0,0.0,CALL,AGGRESSIVE_UPWARD_ROTATION,SLOW_DECAY,OPENING_RANGE_NOT_READY,NEUTRAL,77665.2,321.3,CORRECT,Spot +22.08
2026-07-30T09:21:00+05:30,BSE:SENSEX-INDEX,MIXED_PREMIUM_REGIME,WAIT,WEAK_CALL_BIAS,40.0,40.0,0.0,CALL,AGGRESSIVE_UPWARD_ROTATION,SLOW_DECAY,OPENING_RANGE_NOT_READY,NEUTRAL,77685.83,313.85,CORRECT,Spot +3.64
2026-07-30T09:22:00+05:30,BSE:SENSEX-INDEX,MIXED_PREMIUM_REGIME,WAIT,WEAK_CALL_BIAS,40.0,40.0,0.0,PUT,AGGRESSIVE_UPWARD_ROTATION,SLOW_DECAY,OPENING_RANGE_NOT_READY,NEUTRAL,77679.76,307.3,NEUTRAL,Spot nearly flat -15.79
2026-07-30T09:23:00+05:30,BSE:SENSEX-INDEX,MIXED_PREMIUM_REGIME,WAIT,WEAK_CALL_BIAS,40.0,40.0,0.0,CALL,AGGRESSIVE_UPWARD_ROTATION,SLOW_DECAY,OPENING_RANGE_NOT_READY,NEUTRAL,77694.46,305.25,WRONG,Spot -64.09
2026-07-30T09:24:00+05:30,BSE:SENSEX-INDEX,MIXED_PREMIUM_REGIME,WAIT,WEAK_CALL_BIAS,40.0,40.0,0.0,PUT,AGGRESSIVE_UPWARD_ROTATION,SLOW_DECAY,OPENING_RANGE_NOT_READY,NEUTRAL,77709.82,303.9,WRONG,Spot -73.44
2026-07-30T09:25:00+05:30,BSE:SENSEX-INDEX,MIXED_PREMIUM_REGIME,WAIT,WEAK_CALL_BIAS,40.0,40.0,0.0,CALL,AGGRESSIVE_UPWARD_ROTATION,SLOW_DECAY,OPENING_RANGE_NOT_READY,NEUTRAL,77703.93,302.2,WRONG,Spot -64.22
2026-07-30T09:26:00+05:30,BSE:SENSEX-INDEX,MIXED_PREMIUM_REGIME,WAIT,WEAK_CALL_BIAS,40.0,40.0,0.0,CALL,AGGRESSIVE_UPWARD_ROTATION,SLOW_DECAY,OPENING_RANGE_NOT_READY,NEUTRAL,77712.25,302.5,WRONG,Spot -97.30
2026-07-30T09:27:00+05:30,BSE:SENSEX-INDEX,MIXED_PREMIUM_REGIME,WAIT,WEAK_CALL_BIAS,40.0,40.0,0.0,CALL,AGGRESSIVE_UPWARD_ROTATION,SLOW_DECAY,OPENING_RANGE_NOT_READY,NEUTRAL,77726.62,303.4,WRONG,Spot -115.53
2026-07-30T09:28:00+05:30,BSE:SENSEX-INDEX,MIXED_PREMIUM_REGIME,WAIT,WEAK_CALL_BIAS,40.0,40.0,0.0,PUT,AGGRESSIVE_UPWARD_ROTATION,SLOW_DECAY,OPENING_RANGE_NOT_READY,NEUTRAL,77694.45,303.55,WRONG,Spot -72.23
2026-07-30T09:29:00+05:30,BSE:SENSEX-INDEX,MIXED_PREMIUM_REGIME,WAIT,WEAK_CALL_BIAS,40.0,40.0,0.0,CALL,AGGRESSIVE_UPWARD_ROTATION,SLOW_DECAY,OPENING_RANGE_NOT_READY,NEUTRAL,77691.85,300.45,WRONG,Spot -70.34
2026-07-30T09:30:00+05:30,BSE:SENSEX-INDEX,MIXED_PREMIUM_REGIME,WAIT,WEAK_CALL_BIAS,40.0,40.0,0.0,PUT,AGGRESSIVE_UPWARD_ROTATION,SLOW_DECAY,TRANSITION,NEUTRAL,77713.3,300.45,WRONG,Spot -73.89
2026-07-30T09:31:00+05:30,BSE:SENSEX-INDEX,MIXED_PREMIUM_REGIME,WAIT,WEAK_CALL_BIAS,40.0,40.0,0.0,PUT,AGGRESSIVE_UPWARD_ROTATION,SLOW_DECAY,DECAY_BREAKDOWN_UNCONFIRMED,SHORT_STRADDLE,77687.27,296.85,WRONG,Spot -56.66
2026-07-30T09:32:00+05:30,BSE:SENSEX-INDEX,MIXED_PREMIUM_REGIME,WAIT,WEAK_CALL_BIAS,40.0,40.0,0.0,CALL,AGGRESSIVE_UPWARD_ROTATION,FAST_DECAY,DECAY_BREAKDOWN,SHORT_STRADDLE,77710.86,293.6,CORRECT,Spot +8.40
2026-07-30T09:33:00+05:30,BSE:SENSEX-INDEX,MIXED_PREMIUM_REGIME,WAIT,WEAK_CALL_BIAS,40.0,40.0,0.0,CALL,AGGRESSIVE_UPWARD_ROTATION,FAST_DECAY,DECAY_BREAKDOWN,SHORT_STRADDLE,77724.55,291.8,WRONG,Spot -44.36
2026-07-30T09:34:00+05:30,BSE:SENSEX-INDEX,MIXED_PREMIUM_REGIME,WAIT,WEAK_CALL_BIAS,40.0,40.0,0.0,PUT,AGGRESSIVE_UPWARD_ROTATION,FAST_DECAY,DECAY_BREAKDOWN_UNCONFIRMED,SHORT_STRADDLE,77686.17,294.6,NEUTRAL,Spot nearly flat -20.81
2026-07-30T09:35:00+05:30,BSE:SENSEX-INDEX,MIXED_PREMIUM_REGIME,WAIT,WEAK_CALL_BIAS,40.0,40.0,0.0,CALL,AGGRESSIVE_UPWARD_ROTATION,FAST_DECAY,DECAY_BREAKDOWN,SHORT_STRADDLE,77687.28,288.5,NEUTRAL,Spot nearly flat -12.55
2026-07-30T09:36:00+05:30,BSE:SENSEX-INDEX,MIXED_PREMIUM_REGIME,WAIT,WEAK_CALL_BIAS,40.0,40.0,0.0,PUT,AGGRESSIVE_UPWARD_ROTATION,FAST_DECAY,DECAY_BREAKDOWN_UNCONFIRMED,SHORT_STRADDLE,77689.47,292.6,NEUTRAL,Spot nearly flat -0.33
2026-07-30T09:37:00+05:30,BSE:SENSEX-INDEX,MIXED_PREMIUM_REGIME,WAIT,WEAK_CALL_BIAS,25.0,25.0,15.0,PUT,AGGRESSIVE_UPWARD_ROTATION,FAST_DECAY,DECAY_BREAKDOWN,SHORT_STRADDLE,77663.97,291.25,CORRECT,Spot +18.55
2026-07-30T09:38:00+05:30,BSE:SENSEX-INDEX,MIXED_PREMIUM_REGIME,WAIT,WEAK_PUT_BIAS,25.0,15.0,25.0,CALL,AGGRESSIVE_UPWARD_ROTATION,SLOW_DECAY,DECAY_BREAKDOWN,SHORT_STRADDLE,77630.37,283.1,WRONG,Spot +47.63
2026-07-30T09:39:00+05:30,BSE:SENSEX-INDEX,MIXED_PREMIUM_REGIME,WAIT,WEAK_PUT_BIAS,25.0,15.0,25.0,CALL,AGGRESSIVE_UPWARD_ROTATION,SLOW_DECAY,DECAY_BREAKDOWN,SHORT_STRADDLE,77636.38,281.05,NEUTRAL,Spot nearly flat +29.40
2026-07-30T09:40:00+05:30,BSE:SENSEX-INDEX,MIXED_PREMIUM_REGIME,WAIT,WEAK_PUT_BIAS,25.0,15.0,25.0,PUT,AGGRESSIVE_UPWARD_ROTATION,SLOW_DECAY,DECAY_BREAKDOWN,SHORT_STRADDLE,77639.71,276.2,NEUTRAL,Spot nearly flat +7.99
2026-07-30T09:41:00+05:30,BSE:SENSEX-INDEX,MIXED_PREMIUM_REGIME,WAIT,WEAK_PUT_BIAS,25.0,15.0,25.0,PUT,AGGRESSIVE_UPWARD_ROTATION,SLOW_DECAY,DECAY_BREAKDOWN,SHORT_STRADDLE,77614.95,273.9,NEUTRAL,Spot nearly flat +14.83
2026-07-30T09:42:00+05:30,BSE:SENSEX-INDEX,MIXED_PREMIUM_REGIME,WAIT,WEAK_PUT_BIAS,25.0,15.0,25.0,CALL,AGGRESSIVE_UPWARD_ROTATION,SLOW_DECAY,DECAY_BREAKDOWN,SHORT_STRADDLE,77611.09,272.9,WRONG,Spot +64.94
2026-07-30T09:43:00+05:30,BSE:SENSEX-INDEX,MIXED_PREMIUM_REGIME,HOLD_FIRE,WEAK_PUT_BIAS,25.0,15.0,25.0,BALANCED,AGGRESSIVE_UPWARD_ROTATION,SLOW_DECAY,DECAY_BREAKDOWN,SHORT_STRADDLE,77622.22,271.8,WRONG,Spot +58.80
2026-07-30T09:44:00+05:30,BSE:SENSEX-INDEX,MIXED_PREMIUM_REGIME,WAIT,WEAK_PUT_BIAS,25.0,15.0,25.0,CALL,AGGRESSIVE_UPWARD_ROTATION,SLOW_DECAY,DECAY_BREAKDOWN_UNCONFIRMED,SHORT_STRADDLE,77621.51,272.85,WRONG,Spot +68.66
2026-07-30T09:45:00+05:30,BSE:SENSEX-INDEX,MIXED_PREMIUM_REGIME,HOLD_FIRE,WEAK_PUT_BIAS,25.0,15.0,25.0,BALANCED,AGGRESSIVE_UPWARD_ROTATION,SLOW_DECAY,DECAY_BREAKDOWN,SHORT_STRADDLE,77639.41,270.35,WRONG,Spot +44.06
2026-07-30T09:46:00+05:30,BSE:SENSEX-INDEX,MIXED_PREMIUM_REGIME,WAIT,WEAK_PUT_BIAS,25.0,15.0,25.0,PUT,AGGRESSIVE_UPWARD_ROTATION,SLOW_DECAY,DECAY_BREAKDOWN,SHORT_STRADDLE,77630.61,269.25,WRONG,Spot +54.33
2026-07-30T09:47:00+05:30,BSE:SENSEX-INDEX,MIXED_PREMIUM_REGIME,WAIT,WEAK_CALL_BIAS,40.0,40.0,0.0,CALL,AGGRESSIVE_UPWARD_ROTATION,FAST_DECAY,DECAY_BREAKDOWN,SHORT_STRADDLE,77719.26,268.8,NEUTRAL,Spot nearly flat -31.11
2026-07-30T09:48:00+05:30,BSE:SENSEX-INDEX,MIXED_PREMIUM_REGIME,WAIT,WEAK_CALL_BIAS,40.0,40.0,0.0,PUT,AGGRESSIVE_UPWARD_ROTATION,FAST_DECAY,DECAY_BREAKDOWN_UNCONFIRMED,SHORT_STRADDLE,77680.19,270.7,CORRECT,Spot +15.49
2026-07-30T09:49:00+05:30,BSE:SENSEX-INDEX,MIXED_PREMIUM_REGIME,WAIT,WEAK_CALL_BIAS,40.0,40.0,0.0,PUT,AGGRESSIVE_UPWARD_ROTATION,FAST_DECAY,DECAY_BREAKDOWN_UNCONFIRMED,SHORT_STRADDLE,77665.36,271.95,CORRECT,Spot +42.24
2026-07-30T09:50:00+05:30,BSE:SENSEX-INDEX,MIXED_PREMIUM_REGIME,WAIT,WEAK_CALL_BIAS,40.0,40.0,0.0,CALL,AGGRESSIVE_UPWARD_ROTATION,FAST_DECAY,DECAY_BREAKDOWN,SHORT_STRADDLE,77674.73,268.9,CORRECT,Spot +46.98
2026-07-30T09:51:00+05:30,BSE:SENSEX-INDEX,MIXED_PREMIUM_REGIME,WAIT,WEAK_CALL_BIAS,40.0,40.0,0.0,CALL,AGGRESSIVE_UPWARD_ROTATION,FAST_DECAY,DECAY_BREAKDOWN_UNCONFIRMED,SHORT_STRADDLE,77689.14,269.9,CORRECT,Spot +13.88
2026-07-30T09:52:00+05:30,BSE:SENSEX-INDEX,MIXED_PREMIUM_REGIME,WAIT,WEAK_CALL_BIAS,40.0,40.0,0.0,PUT,AGGRESSIVE_UPWARD_ROTATION,FAST_DECAY,DECAY_BREAKDOWN,SHORT_STRADDLE,77682.52,265.4,CORRECT,Spot +9.14
2026-07-30T09:53:00+05:30,BSE:SENSEX-INDEX,MIXED_PREMIUM_REGIME,WAIT,WEAK_CALL_BIAS,40.0,40.0,0.0,PUT,AGGRESSIVE_UPWARD_ROTATION,FAST_DECAY,DECAY_BREAKDOWN_UNCONFIRMED,SHORT_STRADDLE,77678.0,269.65,CORRECT,Spot +36.56
2026-07-30T09:54:00+05:30,BSE:SENSEX-INDEX,MIXED_PREMIUM_REGIME,WAIT,WEAK_CALL_BIAS,40.0,40.0,0.0,PUT,AGGRESSIVE_UPWARD_ROTATION,FAST_DECAY,DECAY_BREAKDOWN,SHORT_STRADDLE,77665.78,264.05,CORRECT,Spot +7.28
2026-07-30T09:55:00+05:30,BSE:SENSEX-INDEX,MIXED_PREMIUM_REGIME,WAIT,WEAK_PUT_BIAS,25.0,15.0,25.0,CALL,AGGRESSIVE_UPWARD_ROTATION,SLOW_DECAY,DECAY_BREAKDOWN,SHORT_STRADDLE,77647.7,261.7,CORRECT,Spot -0.40
2026-07-30T09:56:00+05:30,BSE:SENSEX-INDEX,MIXED_PREMIUM_REGIME,HOLD_FIRE,WEAK_PUT_BIAS,25.0,15.0,25.0,BALANCED,AGGRESSIVE_UPWARD_ROTATION,SLOW_DECAY,DECAY_BREAKDOWN,SHORT_STRADDLE,77629.78,261.45,NEUTRAL,Spot nearly flat +31.66
2026-07-30T09:57:00+05:30,BSE:SENSEX-INDEX,MIXED_PREMIUM_REGIME,WAIT,WEAK_CALL_BIAS,40.0,40.0,0.0,CALL,AGGRESSIVE_UPWARD_ROTATION,FAST_DECAY,DECAY_BREAKDOWN,SHORT_STRADDLE,77676.03,260.05,NEUTRAL,Spot nearly flat -1.00
2026-07-30T09:58:00+05:30,BSE:SENSEX-INDEX,MIXED_PREMIUM_REGIME,WAIT,WEAK_CALL_BIAS,40.0,40.0,0.0,CALL,AGGRESSIVE_UPWARD_ROTATION,FAST_DECAY,DECAY_BREAKDOWN_UNCONFIRMED,SHORT_STRADDLE,77681.02,261.9,WRONG,Spot -42.95
2026-07-30T09:59:00+05:30,BSE:SENSEX-INDEX,MIXED_PREMIUM_REGIME,WAIT,WEAK_CALL_BIAS,40.0,40.0,0.0,PUT,AGGRESSIVE_UPWARD_ROTATION,FAST_DECAY,DECAY_BREAKDOWN,SHORT_STRADDLE,77690.17,261.25,WRONG,Spot -58.37
2026-07-30T10:00:00+05:30,BSE:SENSEX-INDEX,MIXED_PREMIUM_REGIME,WAIT,WEAK_CALL_BIAS,40.0,40.0,0.0,PUT,AGGRESSIVE_UPWARD_ROTATION,FAST_DECAY,DECAY_BREAKDOWN,SHORT_STRADDLE,77683.47,259.65,WRONG,Spot -72.03
2026-07-30T10:01:00+05:30,BSE:SENSEX-INDEX,MIXED_PREMIUM_REGIME,WAIT,WEAK_CALL_BIAS,40.0,40.0,0.0,CALL,AGGRESSIVE_UPWARD_ROTATION,FAST_DECAY,DECAY_BREAKDOWN,SHORT_STRADDLE,77684.94,256.95,WRONG,Spot -63.40
2026-07-30T10:02:00+05:30,BSE:SENSEX-INDEX,MIXED_PREMIUM_REGIME,WAIT,WEAK_CALL_BIAS,40.0,40.0,0.0,PUT,AGGRESSIVE_UPWARD_ROTATION,FAST_DECAY,DECAY_BREAKDOWN,SHORT_STRADDLE,77688.15,256.65,WRONG,Spot -61.42
2026-07-30T10:03:00+05:30,BSE:SENSEX-INDEX,MIXED_PREMIUM_REGIME,WAIT,WEAK_CALL_BIAS,40.0,40.0,0.0,CALL,AGGRESSIVE_UPWARD_ROTATION,FAST_DECAY,DECAY_BREAKDOWN_UNCONFIRMED,SHORT_STRADDLE,77695.68,256.85,WRONG,Spot -44.93
2026-07-30T10:04:00+05:30,BSE:SENSEX-INDEX,MIXED_PREMIUM_REGIME,WAIT,WEAK_CALL_BIAS,40.0,40.0,0.0,CALL,AGGRESSIVE_UPWARD_ROTATION,FAST_DECAY,DECAY_BREAKDOWN,SHORT_STRADDLE,77707.6,256.8,WRONG,Spot -84.33
2026-07-30T10:05:00+05:30,BSE:SENSEX-INDEX,MIXED_PREMIUM_REGIME,WAIT,WEAK_CALL_BIAS,40.0,40.0,0.0,CALL,AGGRESSIVE_UPWARD_ROTATION,FAST_DECAY,DECAY_BREAKDOWN,SHORT_STRADDLE,77721.71,255.8,WRONG,Spot -105.97
2026-07-30T10:06:00+05:30,BSE:SENSEX-INDEX,MIXED_PREMIUM_REGIME,WAIT,WEAK_CALL_BIAS,40.0,40.0,0.0,PUT,AGGRESSIVE_UPWARD_ROTATION,FAST_DECAY,DECAY_BREAKDOWN,SHORT_STRADDLE,77703.02,254.9,WRONG,Spot -95.80
2026-07-30T10:07:00+05:30,BSE:SENSEX-INDEX,MIXED_PREMIUM_REGIME,WAIT,WEAK_CALL_BIAS,40.0,40.0,0.0,BALANCED,AGGRESSIVE_UPWARD_ROTATION,FAST_DECAY,DECAY_BREAKDOWN,SHORT_STRADDLE,77691.66,253.75,WRONG,Spot -116.99
2026-07-30T10:08:00+05:30,BSE:SENSEX-INDEX,MIXED_PREMIUM_REGIME,WAIT,WEAK_CALL_BIAS,40.0,40.0,0.0,PUT,AGGRESSIVE_UPWARD_ROTATION,FAST_DECAY,DECAY_BREAKDOWN,SHORT_STRADDLE,77714.56,253.0,WRONG,Spot -129.77
2026-07-30T10:09:00+05:30,BSE:SENSEX-INDEX,MIXED_PREMIUM_REGIME,WAIT,WEAK_CALL_BIAS,40.0,40.0,0.0,PUT,AGGRESSIVE_UPWARD_ROTATION,FAST_DECAY,DECAY_BREAKDOWN_UNCONFIRMED,SHORT_STRADDLE,77673.06,253.4,WRONG,Spot -54.06
2026-07-30T10:10:00+05:30,BSE:SENSEX-INDEX,MIXED_PREMIUM_REGIME,WAIT,WEAK_PUT_BIAS,25.0,15.0,25.0,PUT,AGGRESSIVE_UPWARD_ROTATION,FAST_DECAY,DECAY_BREAKDOWN,SHORT_STRADDLE,77647.3,253.0,CORRECT,Spot -28.68
2026-07-30T10:11:00+05:30,BSE:SENSEX-INDEX,MIXED_PREMIUM_REGIME,WAIT,WEAK_CALL_BIAS,25.0,25.0,15.0,PUT,AGGRESSIVE_UPWARD_ROTATION,FAST_DECAY,DECAY_BREAKDOWN_UNCONFIRMED,SHORT_STRADDLE,77661.44,256.4,WRONG,Spot -78.26
2026-07-30T10:12:00+05:30,BSE:SENSEX-INDEX,MIXED_PREMIUM_REGIME,WAIT,WEAK_CALL_BIAS,40.0,40.0,0.0,BALANCED,AGGRESSIVE_UPWARD_ROTATION,FAST_DECAY,DECAY_BREAKDOWN,SHORT_STRADDLE,77675.03,255.1,WRONG,Spot -85.28
2026-07-30T10:13:00+05:30,BSE:SENSEX-INDEX,MIXED_PREMIUM_REGIME,WAIT,WEAK_CALL_BIAS,30.0,30.0,10.0,PUT,AGGRESSIVE_UPWARD_ROTATION,FAST_DECAY,DECAY_BREAKDOWN_UNCONFIRMED,SHORT_STRADDLE,77638.07,252.9,WRONG,Spot -55.95
2026-07-30T10:14:00+05:30,BSE:SENSEX-INDEX,MIXED_PREMIUM_REGIME,WAIT,WEAK_PUT_BIAS,25.0,15.0,25.0,CALL,AGGRESSIVE_UPWARD_ROTATION,FAST_DECAY,DECAY_BREAKDOWN,SHORT_STRADDLE,77631.8,250.45,CORRECT,Spot -67.74
2026-07-30T10:15:00+05:30,BSE:SENSEX-INDEX,MIXED_PREMIUM_REGIME,WAIT,WEAK_PUT_BIAS,25.0,15.0,25.0,PUT,AGGRESSIVE_UPWARD_ROTATION,FAST_DECAY,DECAY_BREAKDOWN,SHORT_STRADDLE,77611.44,248.6,CORRECT,Spot -52.32
2026-07-30T10:16:00+05:30,BSE:SENSEX-INDEX,MIXED_PREMIUM_REGIME,WAIT,WEAK_PUT_BIAS,25.0,15.0,25.0,CALL,AGGRESSIVE_UPWARD_ROTATION,FAST_DECAY,DECAY_BREAKDOWN_UNCONFIRMED,SHORT_STRADDLE,77621.54,250.15,CORRECT,Spot -79.92
2026-07-30T10:17:00+05:30,BSE:SENSEX-INDEX,MIXED_PREMIUM_REGIME,WAIT,WEAK_PUT_BIAS,25.0,15.0,25.0,CALL,AGGRESSIVE_UPWARD_ROTATION,FAST_DECAY,DECAY_BREAKDOWN,SHORT_STRADDLE,77626.73,246.7,CORRECT,Spot -74.60
2026-07-30T10:18:00+05:30,BSE:SENSEX-INDEX,MIXED_PREMIUM_REGIME,WAIT,WEAK_PUT_BIAS,25.0,15.0,25.0,PUT,AGGRESSIVE_UPWARD_ROTATION,FAST_DECAY,DECAY_BREAKDOWN,SHORT_STRADDLE,77650.75,253.65,CORRECT,Spot -109.94
2026-07-30T10:19:00+05:30,BSE:SENSEX-INDEX,MIXED_PREMIUM_REGIME,WAIT,WEAK_PUT_BIAS,25.0,15.0,25.0,PUT,AGGRESSIVE_UPWARD_ROTATION,FAST_DECAY,DECAY_BREAKDOWN,SHORT_STRADDLE,77623.27,244.55,CORRECT,Spot -77.99
2026-07-30T10:20:00+05:30,BSE:SENSEX-INDEX,MIXED_PREMIUM_REGIME,WAIT,WEAK_PUT_BIAS,25.0,15.0,25.0,PUT,AGGRESSIVE_UPWARD_ROTATION,FAST_DECAY,DECAY_BREAKDOWN_UNCONFIRMED,SHORT_STRADDLE,77615.74,245.55,CORRECT,Spot -45.72
2026-07-30T10:21:00+05:30,BSE:SENSEX-INDEX,MIXED_PREMIUM_REGIME,WAIT,WEAK_PUT_BIAS,25.0,15.0,25.0,PUT,AGGRESSIVE_UPWARD_ROTATION,FAST_DECAY,DECAY_BREAKDOWN_UNCONFIRMED,SHORT_STRADDLE,77607.22,246.6,CORRECT,Spot -14.33
2026-07-30T10:22:00+05:30,BSE:SENSEX-INDEX,MIXED_PREMIUM_REGIME,HOLD_FIRE,WEAK_PUT_BIAS,25.0,0.0,25.0,PUT,AGGRESSIVE_UPWARD_ROTATION,FAST_DECAY,DECAY_BREAKDOWN,SHORT_STRADDLE,77574.67,246.2,NEUTRAL,Spot nearly flat +36.12
2026-07-30T10:23:00+05:30,BSE:SENSEX-INDEX,MIXED_PREMIUM_REGIME,HOLD_FIRE,WEAK_PUT_BIAS,25.0,0.0,25.0,CALL,AGGRESSIVE_UPWARD_ROTATION,FAST_DECAY,DECAY_BREAKDOWN,SHORT_STRADDLE,77584.79,242.3,CORRECT,Spot -7.38
2026-07-30T10:24:00+05:30,BSE:SENSEX-INDEX,MIXED_PREMIUM_REGIME,WAIT,WEAK_PUT_BIAS,25.0,15.0,25.0,CALL,AGGRESSIVE_UPWARD_ROTATION,FAST_DECAY,DECAY_BREAKDOWN,SHORT_STRADDLE,77619.0,237.05,CORRECT,Spot -33.11
2026-07-30T10:25:00+05:30,BSE:SENSEX-INDEX,MIXED_PREMIUM_REGIME,WAIT,WEAK_PUT_BIAS,25.0,15.0,25.0,PUT,AGGRESSIVE_UPWARD_ROTATION,FAST_DECAY,DECAY_BREAKDOWN_UNCONFIRMED,SHORT_STRADDLE,77618.62,239.9,CORRECT,Spot -21.21
2026-07-30T10:26:00+05:30,BSE:SENSEX-INDEX,MIXED_PREMIUM_REGIME,HOLD_FIRE,WEAK_PUT_BIAS,25.0,0.0,25.0,PUT,AGGRESSIVE_UPWARD_ROTATION,FAST_DECAY,DECAY_BREAKDOWN_UNCONFIRMED,SHORT_STRADDLE,77583.18,241.95,NEUTRAL,Spot nearly flat +6.93
2026-07-30T10:27:00+05:30,BSE:SENSEX-INDEX,MIXED_PREMIUM_REGIME,HOLD_FIRE,WEAK_PUT_BIAS,25.0,0.0,25.0,CALL,AGGRESSIVE_UPWARD_ROTATION,FAST_DECAY,DECAY_BREAKDOWN_UNCONFIRMED,SHORT_STRADDLE,77589.75,242.2,NEUTRAL,Spot nearly flat +1.84
2026-07-30T10:28:00+05:30,BSE:SENSEX-INDEX,MIXED_PREMIUM_REGIME,HOLD_FIRE,WEAK_PUT_BIAS,25.0,0.0,25.0,BALANCED,AGGRESSIVE_UPWARD_ROTATION,FAST_DECAY,DECAY_BREAKDOWN,SHORT_STRADDLE,77582.12,239.15,NEUTRAL,Spot nearly flat +15.89
2026-07-30T10:29:00+05:30,BSE:SENSEX-INDEX,MIXED_PREMIUM_REGIME,HOLD_FIRE,WEAK_PUT_BIAS,25.0,0.0,25.0,PUT,AGGRESSIVE_UPWARD_ROTATION,FAST_DECAY,DECAY_BREAKDOWN,SHORT_STRADDLE,77564.06,238.35,WRONG,Spot +51.73
2026-07-30T10:30:00+05:30,BSE:SENSEX-INDEX,MIXED_PREMIUM_REGIME,HOLD_FIRE,WEAK_PUT_BIAS,25.0,0.0,25.0,PUT,AGGRESSIVE_UPWARD_ROTATION,FAST_DECAY,DECAY_BREAKDOWN_UNCONFIRMED,SHORT_STRADDLE,77559.12,241.2,WRONG,Spot +94.92
2026-07-30T10:31:00+05:30,BSE:SENSEX-INDEX,MIXED_PREMIUM_REGIME,HOLD_FIRE,WEAK_PUT_BIAS,25.0,0.0,25.0,CALL,AGGRESSIVE_UPWARD_ROTATION,FAST_DECAY,DECAY_BREAKDOWN_UNCONFIRMED,SHORT_STRADDLE,77541.62,242.7,WRONG,Spot +103.87
2026-07-30T10:32:00+05:30,BSE:SENSEX-INDEX,MIXED_PREMIUM_REGIME,HOLD_FIRE,WEAK_PUT_BIAS,25.0,0.0,25.0,CALL,AGGRESSIVE_UPWARD_ROTATION,FAST_DECAY,DECAY_BREAKDOWN_UNCONFIRMED,SHORT_STRADDLE,77552.13,239.55,WRONG,Spot +103.45
2026-07-30T10:33:00+05:30,BSE:SENSEX-INDEX,MIXED_PREMIUM_REGIME,HOLD_FIRE,WEAK_PUT_BIAS,40.0,0.0,40.0,PUT,AGGRESSIVE_UPWARD_ROTATION,FAST_DECAY,DECAY_BREAKDOWN,SHORT_STRADDLE,77540.81,242.55,WRONG,Spot +121.07
2026-07-30T10:34:00+05:30,BSE:SENSEX-INDEX,MIXED_PREMIUM_REGIME,HOLD_FIRE,WEAK_PUT_BIAS,40.0,0.0,40.0,CALL,AGGRESSIVE_UPWARD_ROTATION,FAST_DECAY,DECAY_BREAKDOWN,SHORT_STRADDLE,77545.28,240.9,WRONG,Spot +111.68
2026-07-30T10:35:00+05:30,BSE:SENSEX-INDEX,MIXED_PREMIUM_REGIME,HOLD_FIRE,WEAK_PUT_BIAS,25.0,0.0,25.0,CALL,AGGRESSIVE_UPWARD_ROTATION,FAST_DECAY,DECAY_BREAKDOWN,SHORT_STRADDLE,77570.02,233.15,WRONG,Spot +74.02
2026-07-30T10:36:00+05:30,BSE:SENSEX-INDEX,MIXED_PREMIUM_REGIME,HOLD_FIRE,WEAK_PUT_BIAS,25.0,0.0,25.0,CALL,AGGRESSIVE_UPWARD_ROTATION,FAST_DECAY,DECAY_BREAKDOWN,SHORT_STRADDLE,77592.89,227.55,WRONG,Spot +91.53
2026-07-30T10:37:00+05:30,BSE:SENSEX-INDEX,MIXED_PREMIUM_REGIME,HOLD_FIRE,WEAK_PUT_BIAS,25.0,0.0,25.0,PUT,AGGRESSIVE_UPWARD_ROTATION,FAST_DECAY,DECAY_BREAKDOWN_UNCONFIRMED,SHORT_STRADDLE,77610.79,230.85,WRONG,Spot +81.92
2026-07-30T10:38:00+05:30,BSE:SENSEX-INDEX,MIXED_PREMIUM_REGIME,HOLD_FIRE,WEAK_PUT_BIAS,25.0,0.0,25.0,PUT,AGGRESSIVE_UPWARD_ROTATION,FAST_DECAY,DECAY_BREAKDOWN_UNCONFIRMED,SHORT_STRADDLE,77577.41,231.7,WRONG,Spot +90.45
2026-07-30T10:39:00+05:30,BSE:SENSEX-INDEX,MIXED_PREMIUM_REGIME,HOLD_FIRE,WEAK_PUT_BIAS,25.0,0.0,25.0,CALL,AGGRESSIVE_UPWARD_ROTATION,FAST_DECAY,DECAY_BREAKDOWN,SHORT_STRADDLE,77585.89,229.1,WRONG,Spot +60.46
2026-07-30T10:40:00+05:30,BSE:SENSEX-INDEX,MIXED_PREMIUM_REGIME,HOLD_FIRE,WEAK_PUT_BIAS,25.0,0.0,25.0,PUT,AGGRESSIVE_UPWARD_ROTATION,FAST_DECAY,DECAY_BREAKDOWN_UNCONFIRMED,SHORT_STRADDLE,77597.41,230.95,WRONG,Spot +43.84
2026-07-30T10:41:00+05:30,BSE:SENSEX-INDEX,MIXED_PREMIUM_REGIME,HOLD_FIRE,WEAK_PUT_BIAS,25.0,0.0,25.0,CALL,AGGRESSIVE_UPWARD_ROTATION,FAST_DECAY,DECAY_BREAKDOWN_UNCONFIRMED,SHORT_STRADDLE,77590.11,230.95,WRONG,Spot +71.16
2026-07-30T10:42:00+05:30,BSE:SENSEX-INDEX,MIXED_PREMIUM_REGIME,HOLD_FIRE,WEAK_PUT_BIAS,25.0,0.0,25.0,PUT,AGGRESSIVE_UPWARD_ROTATION,FAST_DECAY,DECAY_BREAKDOWN,SHORT_STRADDLE,77591.59,230.95,WRONG,Spot +60.76
2026-07-30T10:43:00+05:30,BSE:SENSEX-INDEX,MIXED_PREMIUM_REGIME,HOLD_FIRE,WEAK_PUT_BIAS,25.0,0.0,25.0,CALL,AGGRESSIVE_UPWARD_ROTATION,FAST_DECAY,DECAY_BREAKDOWN,SHORT_STRADDLE,77598.01,230.05,WRONG,Spot +46.02
2026-07-30T10:44:00+05:30,BSE:SENSEX-INDEX,MIXED_PREMIUM_REGIME,WAIT,WEAK_PUT_BIAS,25.0,15.0,25.0,CALL,AGGRESSIVE_UPWARD_ROTATION,FAST_DECAY,DECAY_BREAKDOWN,SHORT_STRADDLE,77615.79,226.9,NEUTRAL,Spot nearly flat +37.23
2026-07-30T10:45:00+05:30,BSE:SENSEX-INDEX,MIXED_PREMIUM_REGIME,WAIT,WEAK_PUT_BIAS,25.0,15.0,25.0,CALL,AGGRESSIVE_UPWARD_ROTATION,FAST_DECAY,DECAY_BREAKDOWN,SHORT_STRADDLE,77654.04,239.15,CORRECT,Spot -12.41
2026-07-30T10:46:00+05:30,BSE:SENSEX-INDEX,MIXED_PREMIUM_REGIME,WAIT,WEAK_PUT_BIAS,25.0,15.0,25.0,PUT,AGGRESSIVE_UPWARD_ROTATION,FAST_DECAY,DECAY_BREAKDOWN,SHORT_STRADDLE,77645.49,228.85,CORRECT,Spot -10.68
2026-07-30T10:47:00+05:30,BSE:SENSEX-INDEX,MIXED_PREMIUM_REGIME,WAIT,WEAK_CALL_BIAS,40.0,40.0,0.0,CALL,AGGRESSIVE_UPWARD_ROTATION,FAST_DECAY,DECAY_BREAKDOWN,SHORT_STRADDLE,77655.58,238.05,NEUTRAL,Spot nearly flat -22.29
2026-07-30T10:48:00+05:30,BSE:SENSEX-INDEX,MIXED_PREMIUM_REGIME,WAIT,WEAK_CALL_BIAS,40.0,40.0,0.0,CALL,AGGRESSIVE_UPWARD_ROTATION,FAST_DECAY,DECAY_BREAKDOWN_UNCONFIRMED,SHORT_STRADDLE,77661.88,238.5,NEUTRAL,Spot nearly flat -10.54
2026-07-30T10:49:00+05:30,BSE:SENSEX-INDEX,MIXED_PREMIUM_REGIME,WAIT,WEAK_CALL_BIAS,40.0,40.0,0.0,CALL,AGGRESSIVE_UPWARD_ROTATION,FAST_DECAY,DECAY_BREAKDOWN,SHORT_STRADDLE,77656.96,237.05,NEUTRAL,Spot nearly flat -0.44
2026-07-30T10:50:00+05:30,BSE:SENSEX-INDEX,MIXED_PREMIUM_REGIME,WAIT,WEAK_PUT_BIAS,25.0,15.0,25.0,CALL,AGGRESSIVE_UPWARD_ROTATION,FAST_DECAY,DECAY_BREAKDOWN,SHORT_STRADDLE,77644.04,227.45,UNSCORED,No future row
2026-07-30T10:51:00+05:30,BSE:SENSEX-INDEX,MIXED_PREMIUM_REGIME,WAIT,WEAK_CALL_BIAS,25.0,25.0,15.0,CALL,AGGRESSIVE_UPWARD_ROTATION,FAST_DECAY,DECAY_BREAKDOWN,SHORT_STRADDLE,77684.42,231.4,UNSCORED,No future row
2026-07-30T10:52:00+05:30,BSE:SENSEX-INDEX,MIXED_PREMIUM_REGIME,WAIT,WEAK_CALL_BIAS,40.0,40.0,0.0,PUT,AGGRESSIVE_UPWARD_ROTATION,FAST_DECAY,DECAY_BREAKDOWN,SHORT_STRADDLE,77692.71,231.4,UNSCORED,No future row
2026-07-30T10:53:00+05:30,BSE:SENSEX-INDEX,MIXED_PREMIUM_REGIME,WAIT,WEAK_CALL_BIAS,40.0,40.0,0.0,PUT,AGGRESSIVE_UPWARD_ROTATION,FAST_DECAY,DECAY_BREAKDOWN_UNCONFIRMED,SHORT_STRADDLE,77667.86,232.1,UNSCORED,No future row
2026-07-30T10:54:00+05:30,BSE:SENSEX-INDEX,MIXED_PREMIUM_REGIME,WAIT,WEAK_CALL_BIAS,30.0,30.0,10.0,CALL,AGGRESSIVE_UPWARD_ROTATION,FAST_DECAY,DECAY_BREAKDOWN,SHORT_STRADDLE,77646.35,226.65,UNSCORED,No future row
2026-07-30T10:55:00+05:30,BSE:SENSEX-INDEX,MIXED_PREMIUM_REGIME,WAIT,WEAK_PUT_BIAS,25.0,15.0,25.0,PUT,AGGRESSIVE_UPWARD_ROTATION,FAST_DECAY,DECAY_BREAKDOWN,SHORT_STRADDLE,77641.25,222.15,UNSCORED,No future row
2026-07-30T10:56:00+05:30,BSE:SENSEX-INDEX,MIXED_PREMIUM_REGIME,WAIT,WEAK_CALL_BIAS,25.0,25.0,15.0,PUT,AGGRESSIVE_UPWARD_ROTATION,FAST_DECAY,DECAY_BREAKDOWN_UNCONFIRMED,SHORT_STRADDLE,77661.27,234.9,UNSCORED,No future row
2026-07-30T10:57:00+05:30,BSE:SENSEX-INDEX,MIXED_PREMIUM_REGIME,WAIT,WEAK_CALL_BIAS,30.0,30.0,10.0,PUT,AGGRESSIVE_UPWARD_ROTATION,FAST_DECAY,DECAY_BREAKDOWN,SHORT_STRADDLE,77652.35,233.45,UNSCORED,No future row
2026-07-30T10:58:00+05:30,BSE:SENSEX-INDEX,MIXED_PREMIUM_REGIME,WAIT,WEAK_CALL_BIAS,30.0,30.0,10.0,PUT,AGGRESSIVE_UPWARD_ROTATION,FAST_DECAY,DECAY_BREAKDOWN,SHORT_STRADDLE,77644.03,221.0,UNSCORED,No future row
2026-07-30T10:59:00+05:30,BSE:SENSEX-INDEX,MIXED_PREMIUM_REGIME,HOLD_FIRE,WEAK_CALL_BIAS,30.0,30.0,10.0,BALANCED,AGGRESSIVE_UPWARD_ROTATION,FAST_DECAY,DECAY_BREAKDOWN,SHORT_STRADDLE,77653.02,228.8,UNSCORED,No future row
2026-07-30T11:00:00+05:30,BSE:SENSEX-INDEX,MIXED_PREMIUM_REGIME,WAIT,WEAK_PUT_BIAS,25.0,15.0,25.0,PUT,AGGRESSIVE_UPWARD_ROTATION,FAST_DECAY,DECAY_BREAKDOWN,SHORT_STRADDLE,77641.63,215.4,UNSCORED,No future row
2026-07-30T11:01:00+05:30,BSE:SENSEX-INDEX,MIXED_PREMIUM_REGIME,WAIT,WEAK_PUT_BIAS,25.0,15.0,25.0,PUT,AGGRESSIVE_UPWARD_ROTATION,FAST_DECAY,DECAY_BREAKDOWN_UNCONFIRMED,SHORT_STRADDLE,77634.81,215.75,UNSCORED,No future row
2026-07-30T11:02:00+05:30,BSE:SENSEX-INDEX,MIXED_PREMIUM_REGIME,WAIT,WEAK_PUT_BIAS,25.0,15.0,25.0,CALL,AGGRESSIVE_UPWARD_ROTATION,FAST_DECAY,DECAY_BREAKDOWN_UNCONFIRMED,SHORT_STRADDLE,77633.29,215.8,UNSCORED,No future row
2026-07-30T11:03:00+05:30,BSE:SENSEX-INDEX,MIXED_PREMIUM_REGIME,WAIT,WEAK_PUT_BIAS,25.0,15.0,25.0,PUT,AGGRESSIVE_UPWARD_ROTATION,FAST_DECAY,DECAY_BREAKDOWN,SHORT_STRADDLE,77651.34,228.3,UNSCORED,No future row
2026-07-30T11:04:00+05:30,BSE:SENSEX-INDEX,MIXED_PREMIUM_REGIME,WAIT,WEAK_CALL_BIAS,40.0,40.0,0.0,CALL,AGGRESSIVE_UPWARD_ROTATION,FAST_DECAY,DECAY_BREAKDOWN,SHORT_STRADDLE,77656.52,223.3,UNSCORED,No future row
2026-07-30T09:15:00+05:30,NSE:NIFTY50-INDEX,PREMIUM_FROZEN,WAIT,WEAK_CALL_BIAS,15.0,15.0,10.0,PUT,NO_ROTATION,TIME_PASS,OPENING_RANGE_NOT_READY,NEUTRAL,24235.45,248.1,CORRECT,Spot +39.05
2026-07-30T09:16:00+05:30,NSE:NIFTY50-INDEX,MIXED_PREMIUM_REGIME,WAIT,WEAK_CALL_BIAS,30.0,30.0,10.0,CALL,NO_ROTATION,BALANCED,OPENING_RANGE_NOT_READY,NEUTRAL,24235.15,237.4,CORRECT,Spot +37.40
2026-07-30T09:17:00+05:30,NSE:NIFTY50-INDEX,MIXED_PREMIUM_REGIME,WAIT,WEAK_CALL_BIAS,45.0,45.0,10.0,PUT,DOWNWARD_ROTATION,BALANCED,OPENING_RANGE_NOT_READY,NEUTRAL,24220.15,234.15,CORRECT,Spot +61.65
2026-07-30T09:18:00+05:30,NSE:NIFTY50-INDEX,MIXED_PREMIUM_REGIME,WAIT,WEAK_CALL_BIAS,45.0,45.0,10.0,CALL,DOWNWARD_ROTATION,BALANCED,OPENING_RANGE_NOT_READY,NEUTRAL,24246.6,237.2,CORRECT,Spot +36.70
2026-07-30T09:19:00+05:30,NSE:NIFTY50-INDEX,MIXED_PREMIUM_REGIME,WAIT,WEAK_CALL_BIAS,55.0,55.0,0.0,CALL,DOWNWARD_ROTATION,BALANCED,OPENING_RANGE_NOT_READY,NEUTRAL,24264.0,241.5,CORRECT,Spot +5.70
2026-07-30T09:20:00+05:30,NSE:NIFTY50-INDEX,MIXED_PREMIUM_REGIME,WAIT,WEAK_CALL_BIAS,55.0,55.0,0.0,BALANCED,DOWNWARD_ROTATION,TIME_PASS,OPENING_RANGE_NOT_READY,NEUTRAL,24265.2,240.9,CORRECT,Spot +11.00
2026-07-30T09:21:00+05:30,NSE:NIFTY50-INDEX,MIXED_PREMIUM_REGIME,WAIT,WEAK_CALL_BIAS,55.0,55.0,0.0,CALL,DOWNWARD_ROTATION,BALANCED,OPENING_RANGE_NOT_READY,NEUTRAL,24270.25,237.75,NEUTRAL,Spot nearly flat -0.40
2026-07-30T09:22:00+05:30,NSE:NIFTY50-INDEX,MIXED_PREMIUM_REGIME,WAIT,WEAK_CALL_BIAS,55.0,55.0,0.0,PUT,DOWNWARD_ROTATION,TIME_PASS,OPENING_RANGE_NOT_READY,NEUTRAL,24269.3,238.05,NEUTRAL,Spot nearly flat -6.75
2026-07-30T09:23:00+05:30,NSE:NIFTY50-INDEX,MIXED_PREMIUM_REGIME,WAIT,WEAK_CALL_BIAS,55.0,55.0,0.0,CALL,DOWNWARD_ROTATION,TIME_PASS,OPENING_RANGE_NOT_READY,NEUTRAL,24270.55,239.0,NEUTRAL,Spot nearly flat -11.65
2026-07-30T09:24:00+05:30,NSE:NIFTY50-INDEX,MIXED_PREMIUM_REGIME,WAIT,WEAK_CALL_BIAS,55.0,55.0,0.0,PUT,DOWNWARD_ROTATION,TIME_PASS,OPENING_RANGE_NOT_READY,NEUTRAL,24273.05,238.6,WRONG,Spot -13.65
2026-07-30T09:25:00+05:30,NSE:NIFTY50-INDEX,MIXED_PREMIUM_REGIME,WAIT,WEAK_CALL_BIAS,55.0,55.0,0.0,CALL,DOWNWARD_ROTATION,TIME_PASS,OPENING_RANGE_NOT_READY,NEUTRAL,24272.1,238.2,WRONG,Spot -13.70
2026-07-30T09:26:00+05:30,NSE:NIFTY50-INDEX,MIXED_PREMIUM_REGIME,WAIT,WEAK_CALL_BIAS,55.0,55.0,0.0,CALL,DOWNWARD_ROTATION,TIME_PASS,OPENING_RANGE_NOT_READY,NEUTRAL,24273.85,240.0,WRONG,Spot -22.90
2026-07-30T09:27:00+05:30,NSE:NIFTY50-INDEX,MIXED_PREMIUM_REGIME,WAIT,WEAK_CALL_BIAS,55.0,55.0,0.0,CALL,AGGRESSIVE_UPWARD_ROTATION,BALANCED,OPENING_RANGE_NOT_READY,NEUTRAL,24277.5,239.2,WRONG,Spot -25.10
2026-07-30T09:28:00+05:30,NSE:NIFTY50-INDEX,MIXED_PREMIUM_REGIME,WAIT,WEAK_CALL_BIAS,55.0,55.0,0.0,PUT,DOWNWARD_ROTATION,TIME_PASS,OPENING_RANGE_NOT_READY,NEUTRAL,24271.85,238.4,WRONG,Spot -19.90
2026-07-30T09:29:00+05:30,NSE:NIFTY50-INDEX,MIXED_PREMIUM_REGIME,WAIT,WEAK_CALL_BIAS,55.0,55.0,0.0,BALANCED,AGGRESSIVE_UPWARD_ROTATION,BALANCED,OPENING_RANGE_NOT_READY,NEUTRAL,24275.05,238.55,WRONG,Spot -20.40
2026-07-30T09:30:00+05:30,NSE:NIFTY50-INDEX,MIXED_PREMIUM_REGIME,WAIT,WEAK_CALL_BIAS,55.0,55.0,0.0,CALL,DOWNWARD_ROTATION,TIME_PASS,TRANSITION,NEUTRAL,24274.5,237.8,WRONG,Spot -18.80
2026-07-30T09:31:00+05:30,NSE:NIFTY50-INDEX,MIXED_PREMIUM_REGIME,WAIT,WEAK_CALL_BIAS,55.0,55.0,0.0,PUT,DOWNWARD_ROTATION,TIME_PASS,TRANSITION,NEUTRAL,24272.55,237.15,WRONG,Spot -17.90
2026-07-30T09:32:00+05:30,NSE:NIFTY50-INDEX,MIXED_PREMIUM_REGIME,WAIT,WEAK_CALL_BIAS,55.0,55.0,0.0,CALL,AGGRESSIVE_UPWARD_ROTATION,BALANCED,DECAY_BREAKDOWN,SHORT_STRADDLE,24281.8,237.45,NEUTRAL,Spot nearly flat -3.40
2026-07-30T09:33:00+05:30,NSE:NIFTY50-INDEX,MIXED_PREMIUM_REGIME,ATTACK,CALL_BIAS,75.0,75.0,0.0,CALL,AGGRESSIVE_UPWARD_ROTATION,BALANCED,DECAY_BREAKDOWN,SHORT_STRADDLE,24283.3,237.15,NEUTRAL,Spot nearly flat -7.25
2026-07-30T09:34:00+05:30,NSE:NIFTY50-INDEX,MIXED_PREMIUM_REGIME,ATTACK,CALL_BIAS,60.0,60.0,0.0,PUT,DOWNWARD_ROTATION,BALANCED,TRANSITION,NEUTRAL,24269.7,235.1,CORRECT,Spot +1.20
2026-07-30T09:35:00+05:30,NSE:NIFTY50-INDEX,MIXED_PREMIUM_REGIME,WAIT,WEAK_CALL_BIAS,55.0,55.0,0.0,CALL,AGGRESSIVE_UPWARD_ROTATION,BALANCED,DECAY_BREAKDOWN_UNCONFIRMED,SHORT_STRADDLE,24276.2,236.5,NEUTRAL,Spot nearly flat -3.50
2026-07-30T09:36:00+05:30,NSE:NIFTY50-INDEX,MIXED_PREMIUM_REGIME,WAIT,WEAK_CALL_BIAS,40.0,40.0,0.0,PUT,DOWNWARD_ROTATION,TIME_PASS,TRANSITION,NEUTRAL,24269.85,236.75,CORRECT,Spot +9.40
2026-07-30T09:37:00+05:30,NSE:NIFTY50-INDEX,MIXED_PREMIUM_REGIME,WAIT,WEAK_CALL_BIAS,40.0,40.0,0.0,PUT,DOWNWARD_ROTATION,BALANCED,TRANSITION,NEUTRAL,24262.55,235.25,CORRECT,Spot +14.45
2026-07-30T09:38:00+05:30,NSE:NIFTY50-INDEX,MIXED_PREMIUM_REGIME,WAIT,WEAK_CALL_BIAS,40.0,40.0,0.0,PUT,DOWNWARD_ROTATION,BALANCED,TRANSITION,NEUTRAL,24258.9,235.1,CORRECT,Spot +10.20
2026-07-30T09:39:00+05:30,NSE:NIFTY50-INDEX,MIXED_PREMIUM_REGIME,WAIT,WEAK_CALL_BIAS,55.0,55.0,0.0,CALL,DOWNWARD_ROTATION,BALANCED,TRANSITION,NEUTRAL,24259.4,234.35,CORRECT,Spot +7.80
2026-07-30T09:40:00+05:30,NSE:NIFTY50-INDEX,MIXED_PREMIUM_REGIME,WAIT,WEAK_CALL_BIAS,55.0,55.0,0.0,PUT,DOWNWARD_ROTATION,BALANCED,DECAY_BREAKDOWN_UNCONFIRMED,SHORT_STRADDLE,24258.4,233.5,CORRECT,Spot +3.60
2026-07-30T09:41:00+05:30,NSE:NIFTY50-INDEX,MIXED_PREMIUM_REGIME,WAIT,WEAK_CALL_BIAS,40.0,40.0,15.0,PUT,DOWNWARD_ROTATION,BALANCED,DECAY_BREAKDOWN,SHORT_STRADDLE,24250.95,232.65,CORRECT,Spot +10.35
2026-07-30T09:42:00+05:30,NSE:NIFTY50-INDEX,MIXED_PREMIUM_REGIME,WAIT,WEAK_CALL_BIAS,40.0,40.0,15.0,CALL,DOWNWARD_ROTATION,BALANCED,DECAY_BREAKDOWN_UNCONFIRMED,SHORT_STRADDLE,24252.4,233.2,CORRECT,Spot +20.45
2026-07-30T09:43:00+05:30,NSE:NIFTY50-INDEX,MIXED_PREMIUM_REGIME,WAIT,WEAK_CALL_BIAS,40.0,40.0,15.0,PUT,DOWNWARD_ROTATION,BALANCED,DECAY_BREAKDOWN,SHORT_STRADDLE,24251.95,233.1,CORRECT,Spot +24.45
2026-07-30T09:44:00+05:30,NSE:NIFTY50-INDEX,MIXED_PREMIUM_REGIME,WAIT,WEAK_CALL_BIAS,25.0,25.0,15.0,CALL,DOWNWARD_ROTATION,BALANCED,TRANSITION,NEUTRAL,24254.65,234.1,CORRECT,Spot +19.75
2026-07-30T09:45:00+05:30,NSE:NIFTY50-INDEX,MIXED_PREMIUM_REGIME,HOLD_FIRE,WEAK_CALL_BIAS,40.0,40.0,15.0,BALANCED,DOWNWARD_ROTATION,BALANCED,DECAY_BREAKDOWN_UNCONFIRMED,SHORT_STRADDLE,24255.7,232.7,CORRECT,Spot +21.05
2026-07-30T09:46:00+05:30,NSE:NIFTY50-INDEX,MIXED_PREMIUM_REGIME,WAIT,WEAK_CALL_BIAS,40.0,40.0,15.0,PUT,DOWNWARD_ROTATION,BALANCED,DECAY_BREAKDOWN_UNCONFIRMED,SHORT_STRADDLE,24254.65,233.25,CORRECT,Spot +18.70
2026-07-30T09:47:00+05:30,NSE:NIFTY50-INDEX,MIXED_PREMIUM_REGIME,WAIT,WEAK_CALL_BIAS,55.0,55.0,0.0,CALL,AGGRESSIVE_UPWARD_ROTATION,BALANCED,DECAY_BREAKDOWN,SHORT_STRADDLE,24278.4,233.15,NEUTRAL,Spot nearly flat -7.35
2026-07-30T09:48:00+05:30,NSE:NIFTY50-INDEX,MIXED_PREMIUM_REGIME,WAIT,WEAK_CALL_BIAS,55.0,55.0,0.0,PUT,AGGRESSIVE_UPWARD_ROTATION,BALANCED,DECAY_BREAKDOWN_UNCONFIRMED,SHORT_STRADDLE,24276.05,233.9,NEUTRAL,Spot nearly flat -3.95
2026-07-30T09:49:00+05:30,NSE:NIFTY50-INDEX,MIXED_PREMIUM_REGIME,WAIT,WEAK_CALL_BIAS,55.0,55.0,0.0,CALL,DOWNWARD_ROTATION,BALANCED,DECAY_BREAKDOWN_UNCONFIRMED,SHORT_STRADDLE,24270.9,233.75,CORRECT,Spot +4.55
2026-07-30T09:50:00+05:30,NSE:NIFTY50-INDEX,MIXED_PREMIUM_REGIME,WAIT,WEAK_CALL_BIAS,55.0,55.0,0.0,BALANCED,DOWNWARD_ROTATION,BALANCED,DECAY_BREAKDOWN,SHORT_STRADDLE,24272.7,233.5,CORRECT,Spot +3.80
2026-07-30T09:51:00+05:30,NSE:NIFTY50-INDEX,MIXED_PREMIUM_REGIME,WAIT,WEAK_CALL_BIAS,55.0,55.0,0.0,CALL,AGGRESSIVE_UPWARD_ROTATION,BALANCED,DECAY_BREAKDOWN_UNCONFIRMED,SHORT_STRADDLE,24279.25,233.9,NEUTRAL,Spot nearly flat -4.60
2026-07-30T09:52:00+05:30,NSE:NIFTY50-INDEX,MIXED_PREMIUM_REGIME,WAIT,WEAK_CALL_BIAS,55.0,55.0,0.0,PUT,AGGRESSIVE_UPWARD_ROTATION,BALANCED,DECAY_BREAKDOWN_UNCONFIRMED,SHORT_STRADDLE,24277.0,234.0,NEUTRAL,Spot nearly flat -3.10
2026-07-30T09:53:00+05:30,NSE:NIFTY50-INDEX,MIXED_PREMIUM_REGIME,WAIT,WEAK_CALL_BIAS,40.0,40.0,0.0,PUT,DOWNWARD_ROTATION,BALANCED,DECAY_BREAKDOWN_UNCONFIRMED,SHORT_STRADDLE,24269.1,232.1,CORRECT,Spot +4.65
2026-07-30T09:54:00+05:30,NSE:NIFTY50-INDEX,MIXED_PREMIUM_REGIME,WAIT,WEAK_CALL_BIAS,55.0,55.0,0.0,PUT,DOWNWARD_ROTATION,BALANCED,DECAY_BREAKDOWN_UNCONFIRMED,SHORT_STRADDLE,24267.2,232.65,NEUTRAL,Spot nearly flat -2.15
2026-07-30T09:55:00+05:30,NSE:NIFTY50-INDEX,MIXED_PREMIUM_REGIME,WAIT,WEAK_CALL_BIAS,55.0,55.0,0.0,PUT,DOWNWARD_ROTATION,BALANCED,DECAY_BREAKDOWN,SHORT_STRADDLE,24262.0,231.65,NEUTRAL,Spot nearly flat -0.50
2026-07-30T09:56:00+05:30,NSE:NIFTY50-INDEX,MIXED_PREMIUM_REGIME,WAIT,WEAK_CALL_BIAS,55.0,55.0,0.0,CALL,DOWNWARD_ROTATION,BALANCED,DECAY_BREAKDOWN_UNCONFIRMED,SHORT_STRADDLE,24261.3,232.05,NEUTRAL,Spot nearly flat -0.70
2026-07-30T09:57:00+05:30,NSE:NIFTY50-INDEX,MIXED_PREMIUM_REGIME,WAIT,WEAK_CALL_BIAS,55.0,55.0,0.0,CALL,DOWNWARD_ROTATION,BALANCED,DECAY_BREAKDOWN_UNCONFIRMED,SHORT_STRADDLE,24272.85,232.5,NEUTRAL,Spot nearly flat -10.75
2026-07-30T09:58:00+05:30,NSE:NIFTY50-INDEX,MIXED_PREMIUM_REGIME,WAIT,WEAK_CALL_BIAS,55.0,55.0,0.0,CALL,AGGRESSIVE_UPWARD_ROTATION,SLOW_DECAY,DECAY_BREAKDOWN_UNCONFIRMED,SHORT_STRADDLE,24276.4,232.65,WRONG,Spot -29.65
2026-07-30T09:59:00+05:30,NSE:NIFTY50-INDEX,MIXED_PREMIUM_REGIME,WAIT,WEAK_CALL_BIAS,55.0,55.0,0.0,BALANCED,DOWNWARD_ROTATION,BALANCED,DECAY_BREAKDOWN,SHORT_STRADDLE,24274.4,232.15,WRONG,Spot -26.15
2026-07-30T10:00:00+05:30,NSE:NIFTY50-INDEX,MIXED_PREMIUM_REGIME,WAIT,WEAK_CALL_BIAS,55.0,55.0,0.0,PUT,AGGRESSIVE_UPWARD_ROTATION,SLOW_DECAY,DECAY_BREAKDOWN,SHORT_STRADDLE,24276.75,232.1,WRONG,Spot -33.00
2026-07-30T10:01:00+05:30,NSE:NIFTY50-INDEX,MIXED_PREMIUM_REGIME,WAIT,WEAK_CALL_BIAS,55.0,55.0,0.0,CALL,DOWNWARD_ROTATION,BALANCED,DECAY_BREAKDOWN_UNCONFIRMED,SHORT_STRADDLE,24273.35,232.75,WRONG,Spot -26.15
2026-07-30T10:02:00+05:30,NSE:NIFTY50-INDEX,MIXED_PREMIUM_REGIME,WAIT,WEAK_CALL_BIAS,55.0,55.0,0.0,PUT,DOWNWARD_ROTATION,BALANCED,DECAY_BREAKDOWN,SHORT_STRADDLE,24271.05,231.4,WRONG,Spot -18.15
2026-07-30T10:03:00+05:30,NSE:NIFTY50-INDEX,MIXED_PREMIUM_REGIME,WAIT,WEAK_CALL_BIAS,55.0,55.0,0.0,CALL,DOWNWARD_ROTATION,BALANCED,DECAY_BREAKDOWN_UNCONFIRMED,SHORT_STRADDLE,24272.1,231.7,WRONG,Spot -13.35
2026-07-30T10:04:00+05:30,NSE:NIFTY50-INDEX,MIXED_PREMIUM_REGIME,WAIT,WEAK_CALL_BIAS,55.0,55.0,0.0,CALL,AGGRESSIVE_UPWARD_ROTATION,SLOW_DECAY,DECAY_BREAKDOWN_UNCONFIRMED,SHORT_STRADDLE,24275.45,232.5,WRONG,Spot -27.50
2026-07-30T10:05:00+05:30,NSE:NIFTY50-INDEX,MIXED_PREMIUM_REGIME,WAIT,WEAK_CALL_BIAS,55.0,55.0,0.0,CALL,AGGRESSIVE_UPWARD_ROTATION,SLOW_DECAY,DECAY_BREAKDOWN,SHORT_STRADDLE,24276.5,232.15,WRONG,Spot -32.60
2026-07-30T10:06:00+05:30,NSE:NIFTY50-INDEX,MIXED_PREMIUM_REGIME,WAIT,WEAK_CALL_BIAS,55.0,55.0,0.0,BALANCED,DOWNWARD_ROTATION,BALANCED,DECAY_BREAKDOWN,SHORT_STRADDLE,24274.65,232.2,WRONG,Spot -33.30
2026-07-30T10:07:00+05:30,NSE:NIFTY50-INDEX,MIXED_PREMIUM_REGIME,WAIT,WEAK_CALL_BIAS,55.0,55.0,0.0,PUT,DOWNWARD_ROTATION,BALANCED,DECAY_BREAKDOWN_UNCONFIRMED,SHORT_STRADDLE,24273.9,232.5,WRONG,Spot -35.60
2026-07-30T10:08:00+05:30,NSE:NIFTY50-INDEX,MIXED_PREMIUM_REGIME,WAIT,WEAK_CALL_BIAS,55.0,55.0,0.0,PUT,DOWNWARD_ROTATION,BALANCED,DECAY_BREAKDOWN,SHORT_STRADDLE,24273.75,232.4,WRONG,Spot -31.65
2026-07-30T10:09:00+05:30,NSE:NIFTY50-INDEX,MIXED_PREMIUM_REGIME,WAIT,WEAK_CALL_BIAS,55.0,55.0,0.0,PUT,DOWNWARD_ROTATION,BALANCED,DECAY_BREAKDOWN,SHORT_STRADDLE,24265.05,231.7,WRONG,Spot -15.55
2026-07-30T10:10:00+05:30,NSE:NIFTY50-INDEX,MIXED_PREMIUM_REGIME,WAIT,WEAK_CALL_BIAS,40.0,40.0,15.0,PUT,DOWNWARD_ROTATION,BALANCED,DECAY_BREAKDOWN,SHORT_STRADDLE,24261.5,231.25,WRONG,Spot -12.35
2026-07-30T10:11:00+05:30,NSE:NIFTY50-INDEX,MIXED_PREMIUM_REGIME,WAIT,WEAK_CALL_BIAS,40.0,40.0,15.0,PUT,DOWNWARD_ROTATION,BALANCED,DECAY_BREAKDOWN,SHORT_STRADDLE,24260.6,231.1,WRONG,Spot -21.35
2026-07-30T10:12:00+05:30,NSE:NIFTY50-INDEX,MIXED_PREMIUM_REGIME,WAIT,WEAK_CALL_BIAS,40.0,40.0,15.0,PUT,DOWNWARD_ROTATION,BALANCED,DECAY_BREAKDOWN,SHORT_STRADDLE,24262.1,230.75,WRONG,Spot -23.15
2026-07-30T10:13:00+05:30,NSE:NIFTY50-INDEX,MIXED_PREMIUM_REGIME,WAIT,WEAK_CALL_BIAS,30.0,30.0,25.0,PUT,DOWNWARD_ROTATION,BALANCED,DECAY_BREAKDOWN_UNCONFIRMED,SHORT_STRADDLE,24246.75,231.75,NEUTRAL,Spot nearly flat -6.10
2026-07-30T10:14:00+05:30,NSE:NIFTY50-INDEX,MIXED_PREMIUM_REGIME,WAIT,WEAK_CALL_BIAS,30.0,30.0,25.0,CALL,DOWNWARD_ROTATION,BALANCED,DECAY_BREAKDOWN,SHORT_STRADDLE,24248.25,230.5,WRONG,Spot -13.45
2026-07-30T10:15:00+05:30,NSE:NIFTY50-INDEX,MIXED_PREMIUM_REGIME,WAIT,WEAK_CALL_BIAS,30.0,30.0,25.0,PUT,DOWNWARD_ROTATION,BALANCED,DECAY_BREAKDOWN_UNCONFIRMED,SHORT_STRADDLE,24243.75,230.8,NEUTRAL,Spot nearly flat -10.85
2026-07-30T10:16:00+05:30,NSE:NIFTY50-INDEX,MIXED_PREMIUM_REGIME,WAIT,WEAK_CALL_BIAS,30.0,30.0,25.0,CALL,DOWNWARD_ROTATION,BALANCED,DECAY_BREAKDOWN,SHORT_STRADDLE,24247.2,229.75,WRONG,Spot -16.85
2026-07-30T10:17:00+05:30,NSE:NIFTY50-INDEX,MIXED_PREMIUM_REGIME,WAIT,WEAK_CALL_BIAS,40.0,40.0,15.0,CALL,DOWNWARD_ROTATION,BALANCED,DECAY_BREAKDOWN_UNCONFIRMED,SHORT_STRADDLE,24252.9,229.8,WRONG,Spot -21.45
2026-07-30T10:18:00+05:30,NSE:NIFTY50-INDEX,MIXED_PREMIUM_REGIME,WAIT,WEAK_CALL_BIAS,40.0,40.0,15.0,CALL,DOWNWARD_ROTATION,BALANCED,DECAY_BREAKDOWN,SHORT_STRADDLE,24258.75,229.0,WRONG,Spot -31.50
2026-07-30T10:19:00+05:30,NSE:NIFTY50-INDEX,MIXED_PREMIUM_REGIME,WAIT,WEAK_CALL_BIAS,30.0,30.0,25.0,PUT,DOWNWARD_ROTATION,BALANCED,DECAY_BREAKDOWN_UNCONFIRMED,SHORT_STRADDLE,24247.95,229.05,WRONG,Spot -21.70
2026-07-30T10:20:00+05:30,NSE:NIFTY50-INDEX,MIXED_PREMIUM_REGIME,WAIT,WEAK_CALL_BIAS,30.0,30.0,25.0,PUT,DOWNWARD_ROTATION,BALANCED,DECAY_BREAKDOWN_UNCONFIRMED,SHORT_STRADDLE,24243.9,229.85,NEUTRAL,Spot nearly flat -5.65
2026-07-30T10:21:00+05:30,NSE:NIFTY50-INDEX,MIXED_PREMIUM_REGIME,WAIT,WEAK_CALL_BIAS,30.0,30.0,25.0,PUT,DOWNWARD_ROTATION,BALANCED,DECAY_BREAKDOWN_UNCONFIRMED,SHORT_STRADDLE,24241.35,230.05,CORRECT,Spot +4.45
2026-07-30T10:22:00+05:30,NSE:NIFTY50-INDEX,MIXED_PREMIUM_REGIME,WAIT,WEAK_CALL_BIAS,30.0,30.0,25.0,CALL,DOWNWARD_ROTATION,BALANCED,DECAY_BREAKDOWN_UNCONFIRMED,SHORT_STRADDLE,24238.3,230.7,CORRECT,Spot +7.20
2026-07-30T10:23:00+05:30,NSE:NIFTY50-INDEX,MIXED_PREMIUM_REGIME,WAIT,WEAK_CALL_BIAS,30.0,30.0,25.0,CALL,DOWNWARD_ROTATION,BALANCED,DECAY_BREAKDOWN_UNCONFIRMED,SHORT_STRADDLE,24242.1,230.95,NEUTRAL,Spot nearly flat -7.15
2026-07-30T10:24:00+05:30,NSE:NIFTY50-INDEX,MIXED_PREMIUM_REGIME,WAIT,WEAK_CALL_BIAS,30.0,30.0,25.0,CALL,DOWNWARD_ROTATION,BALANCED,DECAY_BREAKDOWN,SHORT_STRADDLE,24249.5,229.45,NEUTRAL,Spot nearly flat -7.95
2026-07-30T10:25:00+05:30,NSE:NIFTY50-INDEX,MIXED_PREMIUM_REGIME,WAIT,WEAK_CALL_BIAS,30.0,30.0,25.0,PUT,DOWNWARD_ROTATION,BALANCED,DECAY_BREAKDOWN_UNCONFIRMED,SHORT_STRADDLE,24249.15,229.5,NEUTRAL,Spot nearly flat -7.35
2026-07-30T10:26:00+05:30,NSE:NIFTY50-INDEX,MIXED_PREMIUM_REGIME,WAIT,WEAK_CALL_BIAS,30.0,30.0,25.0,PUT,DOWNWARD_ROTATION,BALANCED,DECAY_BREAKDOWN_UNCONFIRMED,SHORT_STRADDLE,24239.25,229.85,CORRECT,Spot +3.45
2026-07-30T10:27:00+05:30,NSE:NIFTY50-INDEX,MIXED_PREMIUM_REGIME,WAIT,WEAK_CALL_BIAS,30.0,30.0,25.0,PUT,DOWNWARD_ROTATION,BALANCED,DECAY_BREAKDOWN,SHORT_STRADDLE,24238.95,229.75,CORRECT,Spot +1.10
2026-07-30T10:28:00+05:30,NSE:NIFTY50-INDEX,MIXED_PREMIUM_REGIME,HOLD_FIRE,WEAK_CALL_BIAS,30.0,30.0,25.0,BALANCED,DOWNWARD_ROTATION,BALANCED,DECAY_BREAKDOWN,SHORT_STRADDLE,24240.65,229.65,CORRECT,Spot +2.25
2026-07-30T10:29:00+05:30,NSE:NIFTY50-INDEX,MIXED_PREMIUM_REGIME,WAIT,WEAK_CALL_BIAS,30.0,30.0,25.0,PUT,DOWNWARD_ROTATION,BALANCED,DECAY_BREAKDOWN,SHORT_STRADDLE,24234.8,229.45,CORRECT,Spot +16.90
2026-07-30T10:30:00+05:30,NSE:NIFTY50-INDEX,MIXED_PREMIUM_REGIME,HOLD_FIRE,WEAK_PUT_BIAS,25.0,15.0,25.0,PUT,DOWNWARD_ROTATION,BALANCED,DECAY_BREAKDOWN_UNCONFIRMED,SHORT_STRADDLE,24232.9,230.45,WRONG,Spot +26.70
2026-07-30T10:31:00+05:30,NSE:NIFTY50-INDEX,MIXED_PREMIUM_REGIME,HOLD_FIRE,WEAK_PUT_BIAS,25.0,15.0,25.0,CALL,DOWNWARD_ROTATION,BALANCED,DECAY_BREAKDOWN,SHORT_STRADDLE,24230.35,229.85,WRONG,Spot +26.95
2026-07-30T10:32:00+05:30,NSE:NIFTY50-INDEX,MIXED_PREMIUM_REGIME,HOLD_FIRE,WEAK_PUT_BIAS,25.0,15.0,25.0,CALL,DOWNWARD_ROTATION,BALANCED,DECAY_BREAKDOWN_UNCONFIRMED,SHORT_STRADDLE,24231.45,230.6,WRONG,Spot +28.95
2026-07-30T10:33:00+05:30,NSE:NIFTY50-INDEX,MIXED_PREMIUM_REGIME,HOLD_FIRE,WEAK_PUT_BIAS,25.0,15.0,25.0,PUT,DOWNWARD_ROTATION,BALANCED,DECAY_BREAKDOWN_UNCONFIRMED,SHORT_STRADDLE,24227.25,231.0,WRONG,Spot +32.65
2026-07-30T10:34:00+05:30,NSE:NIFTY50-INDEX,MIXED_PREMIUM_REGIME,HOLD_FIRE,WEAK_PUT_BIAS,25.0,15.0,25.0,CALL,DOWNWARD_ROTATION,BALANCED,DECAY_BREAKDOWN_UNCONFIRMED,SHORT_STRADDLE,24226.25,231.25,WRONG,Spot +33.95
2026-07-30T10:35:00+05:30,NSE:NIFTY50-INDEX,MIXED_PREMIUM_REGIME,WAIT,WEAK_CALL_BIAS,30.0,30.0,25.0,CALL,DOWNWARD_ROTATION,BALANCED,DECAY_BREAKDOWN,SHORT_STRADDLE,24238.25,228.55,CORRECT,Spot +20.60
2026-07-30T10:36:00+05:30,NSE:NIFTY50-INDEX,MIXED_PREMIUM_REGIME,WAIT,WEAK_CALL_BIAS,30.0,30.0,25.0,CALL,DOWNWARD_ROTATION,BALANCED,DECAY_BREAKDOWN,SHORT_STRADDLE,24245.8,226.75,CORRECT,Spot +21.75
2026-07-30T10:37:00+05:30,NSE:NIFTY50-INDEX,MIXED_PREMIUM_REGIME,WAIT,WEAK_CALL_BIAS,30.0,30.0,25.0,PUT,DOWNWARD_ROTATION,BALANCED,DECAY_BREAKDOWN_UNCONFIRMED,SHORT_STRADDLE,24245.5,228.4,CORRECT,Spot +23.95
2026-07-30T10:38:00+05:30,NSE:NIFTY50-INDEX,MIXED_PREMIUM_REGIME,HOLD_FIRE,WEAK_PUT_BIAS,25.0,15.0,25.0,PUT,DOWNWARD_ROTATION,BALANCED,DECAY_BREAKDOWN_UNCONFIRMED,SHORT_STRADDLE,24234.95,228.95,WRONG,Spot +31.00
2026-07-30T10:39:00+05:30,NSE:NIFTY50-INDEX,MIXED_PREMIUM_REGIME,WAIT,WEAK_CALL_BIAS,30.0,30.0,25.0,CALL,DOWNWARD_ROTATION,BALANCED,DECAY_BREAKDOWN,SHORT_STRADDLE,24241.55,228.15,CORRECT,Spot +20.80
2026-07-30T10:40:00+05:30,NSE:NIFTY50-INDEX,MIXED_PREMIUM_REGIME,WAIT,WEAK_CALL_BIAS,30.0,30.0,25.0,PUT,DOWNWARD_ROTATION,BALANCED,DECAY_BREAKDOWN_UNCONFIRMED,SHORT_STRADDLE,24241.8,228.8,CORRECT,Spot +19.35
2026-07-30T10:41:00+05:30,NSE:NIFTY50-INDEX,MIXED_PREMIUM_REGIME,WAIT,WEAK_CALL_BIAS,30.0,30.0,25.0,CALL,DOWNWARD_ROTATION,BALANCED,DECAY_BREAKDOWN,SHORT_STRADDLE,24242.7,228.4,CORRECT,Spot +15.70
2026-07-30T10:42:00+05:30,NSE:NIFTY50-INDEX,MIXED_PREMIUM_REGIME,WAIT,WEAK_CALL_BIAS,30.0,30.0,25.0,PUT,DOWNWARD_ROTATION,BALANCED,DECAY_BREAKDOWN_UNCONFIRMED,SHORT_STRADDLE,24240.05,229.0,CORRECT,Spot +18.10
2026-07-30T10:43:00+05:30,NSE:NIFTY50-INDEX,MIXED_PREMIUM_REGIME,WAIT,WEAK_CALL_BIAS,30.0,30.0,25.0,CALL,DOWNWARD_ROTATION,BALANCED,DECAY_BREAKDOWN,SHORT_STRADDLE,24242.9,228.65,CORRECT,Spot +15.05
2026-07-30T10:44:00+05:30,NSE:NIFTY50-INDEX,MIXED_PREMIUM_REGIME,WAIT,WEAK_CALL_BIAS,40.0,40.0,15.0,CALL,DOWNWARD_ROTATION,SLOW_DECAY,DECAY_BREAKDOWN,SHORT_STRADDLE,24251.7,226.15,CORRECT,Spot +8.10
2026-07-30T10:45:00+05:30,NSE:NIFTY50-INDEX,MIXED_PREMIUM_REGIME,WAIT,WEAK_CALL_BIAS,40.0,40.0,15.0,CALL,DOWNWARD_ROTATION,BALANCED,DECAY_BREAKDOWN_UNCONFIRMED,SHORT_STRADDLE,24259.6,226.9,NEUTRAL,Spot nearly flat -3.60
2026-07-30T10:46:00+05:30,NSE:NIFTY50-INDEX,MIXED_PREMIUM_REGIME,WAIT,WEAK_CALL_BIAS,55.0,55.0,0.0,PUT,DOWNWARD_ROTATION,BALANCED,DECAY_BREAKDOWN,SHORT_STRADDLE,24257.3,226.5,NEUTRAL,Spot nearly flat -5.65
2026-07-30T10:47:00+05:30,NSE:NIFTY50-INDEX,MIXED_PREMIUM_REGIME,WAIT,WEAK_CALL_BIAS,55.0,55.0,0.0,CALL,DOWNWARD_ROTATION,SLOW_DECAY,DECAY_BREAKDOWN,SHORT_STRADDLE,24260.4,226.15,NEUTRAL,Spot nearly flat -5.70
2026-07-30T10:48:00+05:30,NSE:NIFTY50-INDEX,MIXED_PREMIUM_REGIME,WAIT,WEAK_CALL_BIAS,55.0,55.0,0.0,CALL,DOWNWARD_ROTATION,BALANCED,DECAY_BREAKDOWN_UNCONFIRMED,SHORT_STRADDLE,24259.9,226.3,NEUTRAL,Spot nearly flat -4.65
2026-07-30T10:49:00+05:30,NSE:NIFTY50-INDEX,MIXED_PREMIUM_REGIME,WAIT,WEAK_CALL_BIAS,55.0,55.0,0.0,CALL,DOWNWARD_ROTATION,SLOW_DECAY,DECAY_BREAKDOWN,SHORT_STRADDLE,24260.2,225.95,CORRECT,Spot +0.70
2026-07-30T10:50:00+05:30,NSE:NIFTY50-INDEX,MIXED_PREMIUM_REGIME,WAIT,WEAK_CALL_BIAS,55.0,55.0,0.0,CALL,DOWNWARD_ROTATION,SLOW_DECAY,DECAY_BREAKDOWN_UNCONFIRMED,SHORT_STRADDLE,24258.85,226.15,UNSCORED,No future row
2026-07-30T10:51:00+05:30,NSE:NIFTY50-INDEX,MIXED_PREMIUM_REGIME,WAIT,WEAK_CALL_BIAS,55.0,55.0,0.0,CALL,DOWNWARD_ROTATION,BALANCED,DECAY_BREAKDOWN_UNCONFIRMED,SHORT_STRADDLE,24267.55,226.3,UNSCORED,No future row
2026-07-30T10:52:00+05:30,NSE:NIFTY50-INDEX,MIXED_PREMIUM_REGIME,WAIT,WEAK_CALL_BIAS,55.0,55.0,0.0,CALL,DOWNWARD_ROTATION,BALANCED,DECAY_BREAKDOWN_UNCONFIRMED,SHORT_STRADDLE,24269.45,226.75,UNSCORED,No future row
2026-07-30T10:53:00+05:30,NSE:NIFTY50-INDEX,MIXED_PREMIUM_REGIME,WAIT,WEAK_CALL_BIAS,55.0,55.0,0.0,PUT,DOWNWARD_ROTATION,BALANCED,DECAY_BREAKDOWN,SHORT_STRADDLE,24265.95,226.75,UNSCORED,No future row
2026-07-30T10:54:00+05:30,NSE:NIFTY50-INDEX,MIXED_PREMIUM_REGIME,WAIT,WEAK_CALL_BIAS,55.0,55.0,0.0,BALANCED,DOWNWARD_ROTATION,SLOW_DECAY,DECAY_BREAKDOWN,SHORT_STRADDLE,24262.35,226.05,UNSCORED,No future row
2026-07-30T10:55:00+05:30,NSE:NIFTY50-INDEX,MIXED_PREMIUM_REGIME,WAIT,WEAK_CALL_BIAS,55.0,55.0,0.0,PUT,DOWNWARD_ROTATION,SLOW_DECAY,DECAY_BREAKDOWN,SHORT_STRADDLE,24261.15,225.45,UNSCORED,No future row
2026-07-30T10:56:00+05:30,NSE:NIFTY50-INDEX,MIXED_PREMIUM_REGIME,WAIT,WEAK_CALL_BIAS,55.0,55.0,0.0,PUT,DOWNWARD_ROTATION,SLOW_DECAY,DECAY_BREAKDOWN,SHORT_STRADDLE,24258.4,224.7,UNSCORED,No future row
2026-07-30T10:57:00+05:30,NSE:NIFTY50-INDEX,MIXED_PREMIUM_REGIME,WAIT,WEAK_CALL_BIAS,55.0,55.0,0.0,BALANCED,DOWNWARD_ROTATION,SLOW_DECAY,DECAY_BREAKDOWN_UNCONFIRMED,SHORT_STRADDLE,24258.15,224.8,UNSCORED,No future row
2026-07-30T10:58:00+05:30,NSE:NIFTY50-INDEX,MIXED_PREMIUM_REGIME,WAIT,WEAK_CALL_BIAS,55.0,55.0,0.0,PUT,DOWNWARD_ROTATION,SLOW_DECAY,DECAY_BREAKDOWN_UNCONFIRMED,SHORT_STRADDLE,24257.95,225.25,UNSCORED,No future row
2026-07-30T10:59:00+05:30,NSE:NIFTY50-INDEX,MIXED_PREMIUM_REGIME,WAIT,WEAK_CALL_BIAS,55.0,55.0,0.0,CALL,DOWNWARD_ROTATION,SLOW_DECAY,DECAY_BREAKDOWN_UNCONFIRMED,SHORT_STRADDLE,24259.8,225.35,UNSCORED,No future row
2026-07-30T11:00:00+05:30,NSE:NIFTY50-INDEX,MIXED_PREMIUM_REGIME,WAIT,WEAK_CALL_BIAS,40.0,40.0,15.0,PUT,DOWNWARD_ROTATION,SLOW_DECAY,DECAY_BREAKDOWN,SHORT_STRADDLE,24256.0,224.3,UNSCORED,No future row
2026-07-30T11:01:00+05:30,NSE:NIFTY50-INDEX,MIXED_PREMIUM_REGIME,WAIT,WEAK_CALL_BIAS,40.0,40.0,15.0,PUT,DOWNWARD_ROTATION,SLOW_DECAY,DECAY_BREAKDOWN_UNCONFIRMED,SHORT_STRADDLE,24251.65,225.35,UNSCORED,No future row
2026-07-30T11:02:00+05:30,NSE:NIFTY50-INDEX,MIXED_PREMIUM_REGIME,WAIT,WEAK_CALL_BIAS,40.0,40.0,15.0,CALL,DOWNWARD_ROTATION,SLOW_DECAY,DECAY_BREAKDOWN,SHORT_STRADDLE,24254.7,225.3,UNSCORED,No future row
2026-07-30T11:03:00+05:30,NSE:NIFTY50-INDEX,MIXED_PREMIUM_REGIME,WAIT,WEAK_CALL_BIAS,40.0,40.0,15.0,PUT,DOWNWARD_ROTATION,SLOW_DECAY,DECAY_BREAKDOWN,SHORT_STRADDLE,24255.25,225.2,UNSCORED,No future row
2026-07-30T11:04:00+05:30,NSE:NIFTY50-INDEX,MIXED_PREMIUM_REGIME,WAIT,WEAK_CALL_BIAS,55.0,55.0,0.0,CALL,DOWNWARD_ROTATION,SLOW_DECAY,DECAY_BREAKDOWN,SHORT_STRADDLE,24260.9,224.6,UNSCORED,No future row
2026-07-30T09:15:00+05:30,NSE:NIFTYBANK-INDEX,PREMIUM_FROZEN,HOLD_FIRE,WEAK_PUT_BIAS,25.0,0.0,25.0,PUT,NO_ROTATION,TIME_PASS,OPENING_RANGE_NOT_READY,NEUTRAL,57118.35,1645.45,CORRECT,Spot -172.25
2026-07-30T09:16:00+05:30,NSE:NIFTYBANK-INDEX,MIXED_PREMIUM_REGIME,HOLD_FIRE,WEAK_PUT_BIAS,25.0,0.0,25.0,PUT,DOWNWARD_ROTATION,TIME_PASS,OPENING_RANGE_NOT_READY,NEUTRAL,56983.4,1655.0,CORRECT,Spot -67.30
2026-07-30T09:17:00+05:30,NSE:NIFTYBANK-INDEX,MIXED_PREMIUM_REGIME,HOLD_FIRE,WEAK_PUT_BIAS,55.0,0.0,55.0,PUT,DOWNWARD_ROTATION,TIME_PASS,OPENING_RANGE_NOT_READY,NEUTRAL,56932.9,1664.2,NEUTRAL,Spot nearly flat +16.65
2026-07-30T09:18:00+05:30,NSE:NIFTYBANK-INDEX,MIXED_PREMIUM_REGIME,HOLD_FIRE,WEAK_PUT_BIAS,40.0,0.0,40.0,CALL,AGGRESSIVE_DOWNWARD_ROTATION,TIME_PASS,OPENING_RANGE_NOT_READY,NEUTRAL,56968.25,1655.65,NEUTRAL,Spot nearly flat +12.80
2026-07-30T09:19:00+05:30,NSE:NIFTYBANK-INDEX,MIXED_PREMIUM_REGIME,WAIT,WEAK_PUT_BIAS,25.0,15.0,25.0,CALL,AGGRESSIVE_DOWNWARD_ROTATION,TIME_PASS,OPENING_RANGE_NOT_READY,NEUTRAL,56998.4,1657.2,CORRECT,Spot -63.10
2026-07-30T09:20:00+05:30,NSE:NIFTYBANK-INDEX,MIXED_PREMIUM_REGIME,WAIT,WEAK_PUT_BIAS,25.0,15.0,25.0,PUT,AGGRESSIVE_DOWNWARD_ROTATION,TIME_PASS,OPENING_RANGE_NOT_READY,NEUTRAL,56949.7,1668.95,CORRECT,Spot -11.65
2026-07-30T09:21:00+05:30,NSE:NIFTYBANK-INDEX,MIXED_PREMIUM_REGIME,HOLD_FIRE,WEAK_PUT_BIAS,40.0,0.0,40.0,CALL,AGGRESSIVE_DOWNWARD_ROTATION,TIME_PASS,OPENING_RANGE_NOT_READY,NEUTRAL,56964.85,1655.75,CORRECT,Spot -66.25
2026-07-30T09:22:00+05:30,NSE:NIFTYBANK-INDEX,MIXED_PREMIUM_REGIME,HOLD_FIRE,WEAK_PUT_BIAS,40.0,0.0,40.0,PUT,AGGRESSIVE_DOWNWARD_ROTATION,TIME_PASS,OPENING_RANGE_NOT_READY,NEUTRAL,56942.45,1666.55,CORRECT,Spot -61.05
2026-07-30T09:23:00+05:30,NSE:NIFTYBANK-INDEX,MIXED_PREMIUM_REGIME,HOLD_FIRE,WEAK_PUT_BIAS,55.0,0.0,55.0,PUT,AGGRESSIVE_DOWNWARD_ROTATION,TIME_PASS,OPENING_RANGE_NOT_READY,NEUTRAL,56916.65,1670.2,CORRECT,Spot -37.85
2026-07-30T09:24:00+05:30,NSE:NIFTYBANK-INDEX,MIXED_PREMIUM_REGIME,HOLD_FIRE,WEAK_PUT_BIAS,55.0,0.0,55.0,CALL,AGGRESSIVE_DOWNWARD_ROTATION,TIME_PASS,OPENING_RANGE_NOT_READY,NEUTRAL,56919.4,1674.85,CORRECT,Spot -39.20
2026-07-30T09:25:00+05:30,NSE:NIFTYBANK-INDEX,MIXED_PREMIUM_REGIME,HOLD_FIRE,WEAK_PUT_BIAS,55.0,0.0,55.0,CALL,AGGRESSIVE_DOWNWARD_ROTATION,TIME_PASS,OPENING_RANGE_NOT_READY,NEUTRAL,56938.8,1675.4,CORRECT,Spot -77.05
2026-07-30T09:26:00+05:30,NSE:NIFTYBANK-INDEX,MIXED_PREMIUM_REGIME,HOLD_FIRE,WEAK_PUT_BIAS,40.0,0.0,40.0,CALL,AGGRESSIVE_DOWNWARD_ROTATION,TIME_PASS,OPENING_RANGE_NOT_READY,NEUTRAL,56941.2,1673.75,CORRECT,Spot -110.15
2026-07-30T09:27:00+05:30,NSE:NIFTYBANK-INDEX,MIXED_PREMIUM_REGIME,HOLD_FIRE,WEAK_PUT_BIAS,55.0,0.0,55.0,CALL,AGGRESSIVE_DOWNWARD_ROTATION,TIME_PASS,OPENING_RANGE_NOT_READY,NEUTRAL,56938.7,1674.95,CORRECT,Spot -102.70
2026-07-30T09:28:00+05:30,NSE:NIFTYBANK-INDEX,MIXED_PREMIUM_REGIME,HOLD_FIRE,WEAK_PUT_BIAS,55.0,0.0,55.0,CALL,AGGRESSIVE_DOWNWARD_ROTATION,TIME_PASS,OPENING_RANGE_NOT_READY,NEUTRAL,56937.85,1671.85,CORRECT,Spot -93.50
2026-07-30T09:29:00+05:30,NSE:NIFTYBANK-INDEX,MIXED_PREMIUM_REGIME,HOLD_FIRE,WEAK_PUT_BIAS,40.0,0.0,40.0,CALL,AGGRESSIVE_DOWNWARD_ROTATION,TIME_PASS,OPENING_RANGE_NOT_READY,NEUTRAL,56941.15,1673.0,CORRECT,Spot -91.85
2026-07-30T09:30:00+05:30,NSE:NIFTYBANK-INDEX,MIXED_PREMIUM_REGIME,HOLD_FIRE,WEAK_PUT_BIAS,40.0,0.0,40.0,CALL,AGGRESSIVE_DOWNWARD_ROTATION,TIME_PASS,EXPANSION_BREAKOUT,LONG_STRADDLE,56946.1,1679.2,CORRECT,Spot -112.00
2026-07-30T09:31:00+05:30,NSE:NIFTYBANK-INDEX,MIXED_PREMIUM_REGIME,HOLD_FIRE,WEAK_PUT_BIAS,55.0,0.0,55.0,PUT,AGGRESSIVE_DOWNWARD_ROTATION,TIME_PASS,EXPANSION_BREAKOUT,LONG_STRADDLE,56916.1,1676.7,CORRECT,Spot -102.60
2026-07-30T09:32:00+05:30,NSE:NIFTYBANK-INDEX,MIXED_PREMIUM_REGIME,HOLD_FIRE,WEAK_PUT_BIAS,40.0,0.0,40.0,CALL,AGGRESSIVE_DOWNWARD_ROTATION,TIME_PASS,TRANSITION,NEUTRAL,56949.55,1674.15,CORRECT,Spot -73.85
2026-07-30T09:33:00+05:30,NSE:NIFTYBANK-INDEX,MIXED_PREMIUM_REGIME,WAIT,WEAK_PUT_BIAS,25.0,15.0,25.0,CALL,AGGRESSIVE_DOWNWARD_ROTATION,TIME_PASS,TRANSITION,NEUTRAL,56981.05,1663.8,CORRECT,Spot -105.65
2026-07-30T09:34:00+05:30,NSE:NIFTYBANK-INDEX,MIXED_PREMIUM_REGIME,WAIT,WEAK_PUT_BIAS,40.0,15.0,40.0,PUT,AGGRESSIVE_DOWNWARD_ROTATION,TIME_PASS,TRANSITION,NEUTRAL,56935.3,1672.4,CORRECT,Spot -66.20
2026-07-30T09:35:00+05:30,NSE:NIFTYBANK-INDEX,MIXED_PREMIUM_REGIME,HOLD_FIRE,WEAK_PUT_BIAS,55.0,0.0,55.0,CALL,AGGRESSIVE_DOWNWARD_ROTATION,TIME_PASS,TRANSITION,NEUTRAL,56938.05,1672.4,CORRECT,Spot -73.40
2026-07-30T09:36:00+05:30,NSE:NIFTYBANK-INDEX,MIXED_PREMIUM_REGIME,HOLD_FIRE,WEAK_PUT_BIAS,55.0,0.0,55.0,PUT,AGGRESSIVE_DOWNWARD_ROTATION,TIME_PASS,TRANSITION,NEUTRAL,56898.6,1672.7,NEUTRAL,Spot nearly flat +13.75
2026-07-30T09:37:00+05:30,NSE:NIFTYBANK-INDEX,MIXED_PREMIUM_REGIME,HOLD_FIRE,WEAK_PUT_BIAS,55.0,0.0,55.0,PUT,AGGRESSIVE_DOWNWARD_ROTATION,TIME_PASS,EXPANSION_BREAKOUT,LONG_STRADDLE,56881.4,1679.75,NEUTRAL,Spot nearly flat +21.80
2026-07-30T09:38:00+05:30,NSE:NIFTYBANK-INDEX,MIXED_PREMIUM_REGIME,HOLD_FIRE,WEAK_PUT_BIAS,55.0,0.0,55.0,CALL,AGGRESSIVE_DOWNWARD_ROTATION,TIME_PASS,TRANSITION,NEUTRAL,56878.8,1675.3,NEUTRAL,Spot nearly flat +15.55
2026-07-30T09:39:00+05:30,NSE:NIFTYBANK-INDEX,MIXED_PREMIUM_REGIME,HOLD_FIRE,WEAK_PUT_BIAS,55.0,0.0,55.0,CALL,AGGRESSIVE_DOWNWARD_ROTATION,TIME_PASS,EXPANSION_BREAKOUT,LONG_STRADDLE,56880.2,1677.35,NEUTRAL,Spot nearly flat +10.50
2026-07-30T09:40:00+05:30,NSE:NIFTYBANK-INDEX,MIXED_PREMIUM_REGIME,HOLD_FIRE,WEAK_PUT_BIAS,55.0,0.0,55.0,PUT,AGGRESSIVE_DOWNWARD_ROTATION,TIME_PASS,TRANSITION,NEUTRAL,56861.75,1675.15,NEUTRAL,Spot nearly flat +21.70
2026-07-30T09:41:00+05:30,NSE:NIFTYBANK-INDEX,MIXED_PREMIUM_REGIME,WAIT,PUT_BIAS,75.0,0.0,75.0,PUT,AGGRESSIVE_DOWNWARD_ROTATION,TIME_PASS,TRANSITION,NEUTRAL,56831.05,1683.95,WRONG,Spot +61.45
2026-07-30T09:42:00+05:30,NSE:NIFTYBANK-INDEX,MIXED_PREMIUM_REGIME,WAIT,PUT_BIAS,75.0,0.0,75.0,PUT,AGGRESSIVE_DOWNWARD_ROTATION,TIME_PASS,TRANSITION,NEUTRAL,56836.0,1687.55,WRONG,Spot +79.00
2026-07-30T09:43:00+05:30,NSE:NIFTYBANK-INDEX,MIXED_PREMIUM_REGIME,WAIT,PUT_BIAS,75.0,0.0,75.0,PUT,AGGRESSIVE_DOWNWARD_ROTATION,TIME_PASS,TRANSITION,NEUTRAL,56844.35,1685.4,WRONG,Spot +74.70
2026-07-30T09:44:00+05:30,NSE:NIFTYBANK-INDEX,MIXED_PREMIUM_REGIME,WAIT,PUT_BIAS,75.0,0.0,75.0,PUT,AGGRESSIVE_DOWNWARD_ROTATION,TIME_PASS,TRANSITION,NEUTRAL,56849.3,1687.1,WRONG,Spot +58.00
2026-07-30T09:45:00+05:30,NSE:NIFTYBANK-INDEX,MIXED_PREMIUM_REGIME,WAIT,PUT_BIAS,75.0,0.0,75.0,PUT,AGGRESSIVE_DOWNWARD_ROTATION,TIME_PASS,TRANSITION,NEUTRAL,56834.1,1692.65,WRONG,Spot +92.10
2026-07-30T09:46:00+05:30,NSE:NIFTYBANK-INDEX,MIXED_PREMIUM_REGIME,WAIT,PUT_BIAS,75.0,0.0,75.0,PUT,AGGRESSIVE_DOWNWARD_ROTATION,TIME_PASS,TRANSITION,NEUTRAL,56813.5,1687.4,WRONG,Spot +97.35
2026-07-30T09:47:00+05:30,NSE:NIFTYBANK-INDEX,MIXED_PREMIUM_REGIME,HOLD_FIRE,WEAK_PUT_BIAS,55.0,0.0,55.0,CALL,AGGRESSIVE_DOWNWARD_ROTATION,TIME_PASS,TRANSITION,NEUTRAL,56875.7,1672.95,WRONG,Spot +29.90
2026-07-30T09:48:00+05:30,NSE:NIFTYBANK-INDEX,MIXED_PREMIUM_REGIME,HOLD_FIRE,WEAK_PUT_BIAS,55.0,0.0,55.0,CALL,AGGRESSIVE_DOWNWARD_ROTATION,TIME_PASS,EXPANSION_BREAKOUT,LONG_STRADDLE,56875.4,1677.0,NEUTRAL,Spot nearly flat +26.00
2026-07-30T09:49:00+05:30,NSE:NIFTYBANK-INDEX,MIXED_PREMIUM_REGIME,HOLD_FIRE,WEAK_PUT_BIAS,55.0,0.0,55.0,CALL,AGGRESSIVE_DOWNWARD_ROTATION,TIME_PASS,EXPANSION_BREAKOUT,LONG_STRADDLE,56869.1,1680.3,WRONG,Spot +45.30
2026-07-30T09:50:00+05:30,NSE:NIFTYBANK-INDEX,MIXED_PREMIUM_REGIME,HOLD_FIRE,WEAK_PUT_BIAS,55.0,0.0,55.0,CALL,AGGRESSIVE_DOWNWARD_ROTATION,TIME_PASS,TRANSITION,NEUTRAL,56864.65,1674.15,WRONG,Spot +58.00
2026-07-30T09:51:00+05:30,NSE:NIFTYBANK-INDEX,MIXED_PREMIUM_REGIME,HOLD_FIRE,WEAK_PUT_BIAS,55.0,0.0,55.0,CALL,AGGRESSIVE_DOWNWARD_ROTATION,TIME_PASS,TRANSITION,NEUTRAL,56912.35,1674.25,NEUTRAL,Spot nearly flat +12.90
2026-07-30T09:52:00+05:30,NSE:NIFTYBANK-INDEX,MIXED_PREMIUM_REGIME,HOLD_FIRE,WEAK_PUT_BIAS,55.0,0.0,55.0,PUT,AGGRESSIVE_DOWNWARD_ROTATION,TIME_PASS,TRANSITION,NEUTRAL,56903.2,1675.35,WRONG,Spot +32.10
2026-07-30T09:53:00+05:30,NSE:NIFTYBANK-INDEX,MIXED_PREMIUM_REGIME,HOLD_FIRE,WEAK_PUT_BIAS,55.0,0.0,55.0,PUT,AGGRESSIVE_DOWNWARD_ROTATION,TIME_PASS,TRANSITION,NEUTRAL,56894.35,1674.0,NEUTRAL,Spot nearly flat +6.70
2026-07-30T09:54:00+05:30,NSE:NIFTYBANK-INDEX,MIXED_PREMIUM_REGIME,HOLD_FIRE,WEAK_PUT_BIAS,55.0,0.0,55.0,CALL,AGGRESSIVE_DOWNWARD_ROTATION,TIME_PASS,EXPANSION_BREAKOUT,LONG_STRADDLE,56890.7,1677.55,NEUTRAL,Spot nearly flat +4.60
2026-07-30T09:55:00+05:30,NSE:NIFTYBANK-INDEX,MIXED_PREMIUM_REGIME,HOLD_FIRE,WEAK_PUT_BIAS,55.0,0.0,55.0,CALL,AGGRESSIVE_DOWNWARD_ROTATION,TIME_PASS,EXPANSION_BREAKOUT,LONG_STRADDLE,56883.45,1675.95,NEUTRAL,Spot nearly flat +4.95
2026-07-30T09:56:00+05:30,NSE:NIFTYBANK-INDEX,MIXED_PREMIUM_REGIME,HOLD_FIRE,WEAK_PUT_BIAS,55.0,0.0,55.0,CALL,AGGRESSIVE_DOWNWARD_ROTATION,TIME_PASS,TRANSITION,NEUTRAL,56892.5,1671.2,CORRECT,Spot -12.10
2026-07-30T09:57:00+05:30,NSE:NIFTYBANK-INDEX,MIXED_PREMIUM_REGIME,HOLD_FIRE,WEAK_PUT_BIAS,55.0,0.0,55.0,CALL,AGGRESSIVE_DOWNWARD_ROTATION,TIME_PASS,TRANSITION,NEUTRAL,56915.0,1671.6,CORRECT,Spot -27.25
2026-07-30T09:58:00+05:30,NSE:NIFTYBANK-INDEX,MIXED_PREMIUM_REGIME,HOLD_FIRE,WEAK_PUT_BIAS,55.0,0.0,55.0,CALL,AGGRESSIVE_DOWNWARD_ROTATION,TIME_PASS,TRANSITION,NEUTRAL,56919.05,1669.8,CORRECT,Spot -67.65
2026-07-30T09:59:00+05:30,NSE:NIFTYBANK-INDEX,MIXED_PREMIUM_REGIME,HOLD_FIRE,WEAK_PUT_BIAS,55.0,0.0,55.0,CALL,AGGRESSIVE_DOWNWARD_ROTATION,TIME_PASS,TRANSITION,NEUTRAL,56907.3,1665.05,CORRECT,Spot -59.05
2026-07-30T10:00:00+05:30,NSE:NIFTYBANK-INDEX,MIXED_PREMIUM_REGIME,HOLD_FIRE,WEAK_PUT_BIAS,55.0,0.0,55.0,CALL,AGGRESSIVE_DOWNWARD_ROTATION,TIME_PASS,TRANSITION,NEUTRAL,56926.2,1668.7,CORRECT,Spot -89.15
2026-07-30T10:01:00+05:30,NSE:NIFTYBANK-INDEX,MIXED_PREMIUM_REGIME,HOLD_FIRE,WEAK_PUT_BIAS,55.0,0.0,55.0,PUT,AGGRESSIVE_DOWNWARD_ROTATION,TIME_PASS,TRANSITION,NEUTRAL,56910.85,1667.2,CORRECT,Spot -78.55
2026-07-30T10:02:00+05:30,NSE:NIFTYBANK-INDEX,MIXED_PREMIUM_REGIME,HOLD_FIRE,WEAK_PUT_BIAS,55.0,0.0,55.0,PUT,AGGRESSIVE_DOWNWARD_ROTATION,TIME_PASS,TRANSITION,NEUTRAL,56905.6,1669.75,CORRECT,Spot -68.30
2026-07-30T10:03:00+05:30,NSE:NIFTYBANK-INDEX,MIXED_PREMIUM_REGIME,HOLD_FIRE,WEAK_PUT_BIAS,55.0,0.0,55.0,CALL,AGGRESSIVE_DOWNWARD_ROTATION,TIME_PASS,TRANSITION,NEUTRAL,56901.4,1670.6,CORRECT,Spot -50.10
2026-07-30T10:04:00+05:30,NSE:NIFTYBANK-INDEX,MIXED_PREMIUM_REGIME,HOLD_FIRE,WEAK_PUT_BIAS,55.0,0.0,55.0,CALL,AGGRESSIVE_DOWNWARD_ROTATION,TIME_PASS,TRANSITION,NEUTRAL,56914.4,1670.4,CORRECT,Spot -88.20
2026-07-30T10:05:00+05:30,NSE:NIFTYBANK-INDEX,MIXED_PREMIUM_REGIME,HOLD_FIRE,WEAK_PUT_BIAS,55.0,0.0,55.0,CALL,AGGRESSIVE_DOWNWARD_ROTATION,TIME_PASS,TRANSITION,NEUTRAL,56922.65,1668.4,CORRECT,Spot -102.95
2026-07-30T10:06:00+05:30,NSE:NIFTYBANK-INDEX,MIXED_PREMIUM_REGIME,HOLD_FIRE,WEAK_PUT_BIAS,55.0,0.0,55.0,PUT,AGGRESSIVE_DOWNWARD_ROTATION,TIME_PASS,TRANSITION,NEUTRAL,56925.25,1668.95,CORRECT,Spot -105.75
2026-07-30T10:07:00+05:30,NSE:NIFTYBANK-INDEX,MIXED_PREMIUM_REGIME,WAIT,WEAK_PUT_BIAS,40.0,15.0,40.0,CALL,AGGRESSIVE_DOWNWARD_ROTATION,TIME_PASS,TRANSITION,NEUTRAL,56935.3,1672.25,CORRECT,Spot -122.10
2026-07-30T10:08:00+05:30,NSE:NIFTYBANK-INDEX,MIXED_PREMIUM_REGIME,HOLD_FIRE,WEAK_PUT_BIAS,55.0,0.0,55.0,PUT,AGGRESSIVE_DOWNWARD_ROTATION,TIME_PASS,TRANSITION,NEUTRAL,56901.05,1673.1,CORRECT,Spot -80.75
2026-07-30T10:09:00+05:30,NSE:NIFTYBANK-INDEX,MIXED_PREMIUM_REGIME,HOLD_FIRE,WEAK_PUT_BIAS,55.0,0.0,55.0,PUT,AGGRESSIVE_DOWNWARD_ROTATION,TIME_PASS,TRANSITION,NEUTRAL,56895.3,1671.9,CORRECT,Spot -54.60
2026-07-30T10:10:00+05:30,NSE:NIFTYBANK-INDEX,MIXED_PREMIUM_REGIME,HOLD_FIRE,WEAK_PUT_BIAS,55.0,0.0,55.0,CALL,AGGRESSIVE_DOWNWARD_ROTATION,TIME_PASS,EXPANSION_BREAKOUT,LONG_STRADDLE,56888.4,1677.25,CORRECT,Spot -39.45
2026-07-30T10:11:00+05:30,NSE:NIFTYBANK-INDEX,MIXED_PREMIUM_REGIME,HOLD_FIRE,WEAK_PUT_BIAS,55.0,0.0,55.0,CALL,AGGRESSIVE_DOWNWARD_ROTATION,TIME_PASS,EXPANSION_BREAKOUT,LONG_STRADDLE,56880.4,1675.9,CORRECT,Spot -48.00
2026-07-30T10:12:00+05:30,NSE:NIFTYBANK-INDEX,MIXED_PREMIUM_REGIME,HOLD_FIRE,WEAK_PUT_BIAS,55.0,0.0,55.0,CALL,AGGRESSIVE_DOWNWARD_ROTATION,TIME_PASS,TRANSITION,NEUTRAL,56887.75,1675.4,CORRECT,Spot -69.05
2026-07-30T10:13:00+05:30,NSE:NIFTYBANK-INDEX,MIXED_PREMIUM_REGIME,HOLD_FIRE,WEAK_PUT_BIAS,55.0,0.0,55.0,PUT,AGGRESSIVE_DOWNWARD_ROTATION,TIME_PASS,EXPANSION_BREAKOUT,LONG_STRADDLE,56851.4,1678.25,CORRECT,Spot -26.25
2026-07-30T10:14:00+05:30,NSE:NIFTYBANK-INDEX,MIXED_PREMIUM_REGIME,WAIT,PUT_BIAS,75.0,0.0,75.0,CALL,AGGRESSIVE_DOWNWARD_ROTATION,TIME_PASS,TRANSITION,NEUTRAL,56848.25,1689.0,CORRECT,Spot -33.30
2026-07-30T10:15:00+05:30,NSE:NIFTYBANK-INDEX,MIXED_PREMIUM_REGIME,WAIT,PUT_BIAS,75.0,0.0,75.0,PUT,AGGRESSIVE_DOWNWARD_ROTATION,TIME_PASS,TRANSITION,NEUTRAL,56837.05,1683.95,CORRECT,Spot -38.75
2026-07-30T10:16:00+05:30,NSE:NIFTYBANK-INDEX,MIXED_PREMIUM_REGIME,WAIT,PUT_BIAS,75.0,0.0,75.0,PUT,AGGRESSIVE_DOWNWARD_ROTATION,TIME_PASS,TRANSITION,NEUTRAL,56832.3,1687.5,CORRECT,Spot -41.00
2026-07-30T10:17:00+05:30,NSE:NIFTYBANK-INDEX,MIXED_PREMIUM_REGIME,WAIT,PUT_BIAS,75.0,0.0,75.0,CALL,AGGRESSIVE_DOWNWARD_ROTATION,TIME_PASS,TRANSITION,NEUTRAL,56837.3,1684.0,CORRECT,Spot -38.35
2026-07-30T10:18:00+05:30,NSE:NIFTYBANK-INDEX,MIXED_PREMIUM_REGIME,WAIT,PUT_BIAS,75.0,0.0,75.0,CALL,AGGRESSIVE_DOWNWARD_ROTATION,TIME_PASS,TRANSITION,NEUTRAL,56851.3,1668.5,CORRECT,Spot -75.50
2026-07-30T10:19:00+05:30,NSE:NIFTYBANK-INDEX,MIXED_PREMIUM_REGIME,WAIT,PUT_BIAS,75.0,0.0,75.0,PUT,AGGRESSIVE_DOWNWARD_ROTATION,TIME_PASS,TRANSITION,NEUTRAL,56826.2,1682.8,CORRECT,Spot -52.10
2026-07-30T10:20:00+05:30,NSE:NIFTYBANK-INDEX,MIXED_PREMIUM_REGIME,WAIT,PUT_BIAS,75.0,0.0,75.0,PUT,AGGRESSIVE_DOWNWARD_ROTATION,TIME_PASS,TRANSITION,NEUTRAL,56819.7,1680.8,CORRECT,Spot -29.20
2026-07-30T10:21:00+05:30,NSE:NIFTYBANK-INDEX,MIXED_PREMIUM_REGIME,WAIT,PUT_BIAS,75.0,0.0,75.0,PUT,AGGRESSIVE_DOWNWARD_ROTATION,TIME_PASS,TRANSITION,NEUTRAL,56819.5,1681.35,CORRECT,Spot -13.25
2026-07-30T10:22:00+05:30,NSE:NIFTYBANK-INDEX,MIXED_PREMIUM_REGIME,WAIT,PUT_BIAS,75.0,0.0,75.0,PUT,AGGRESSIVE_DOWNWARD_ROTATION,TIME_PASS,TRANSITION,NEUTRAL,56813.2,1680.65,NEUTRAL,Spot nearly flat +7.25
2026-07-30T10:23:00+05:30,NSE:NIFTYBANK-INDEX,MIXED_PREMIUM_REGIME,WAIT,PUT_BIAS,75.0,0.0,75.0,CALL,AGGRESSIVE_DOWNWARD_ROTATION,TIME_PASS,TRANSITION,NEUTRAL,56820.3,1682.15,CORRECT,Spot -28.20
2026-07-30T10:24:00+05:30,NSE:NIFTYBANK-INDEX,MIXED_PREMIUM_REGIME,WAIT,PUT_BIAS,75.0,0.0,75.0,CALL,AGGRESSIVE_DOWNWARD_ROTATION,TIME_PASS,TRANSITION,NEUTRAL,56840.7,1679.8,CORRECT,Spot -20.30
2026-07-30T10:25:00+05:30,NSE:NIFTYBANK-INDEX,MIXED_PREMIUM_REGIME,WAIT,PUT_BIAS,75.0,0.0,75.0,PUT,AGGRESSIVE_DOWNWARD_ROTATION,TIME_PASS,TRANSITION,NEUTRAL,56848.95,1679.85,CORRECT,Spot -30.15
2026-07-30T10:26:00+05:30,NSE:NIFTYBANK-INDEX,MIXED_PREMIUM_REGIME,WAIT,PUT_BIAS,75.0,0.0,75.0,PUT,AGGRESSIVE_DOWNWARD_ROTATION,TIME_PASS,TRANSITION,NEUTRAL,56832.4,1680.85,CORRECT,Spot -19.40
2026-07-30T10:27:00+05:30,NSE:NIFTYBANK-INDEX,MIXED_PREMIUM_REGIME,WAIT,PUT_BIAS,75.0,0.0,75.0,PUT,AGGRESSIVE_DOWNWARD_ROTATION,TIME_PASS,TRANSITION,NEUTRAL,56818.7,1684.65,CORRECT,Spot -10.65
2026-07-30T10:28:00+05:30,NSE:NIFTYBANK-INDEX,MIXED_PREMIUM_REGIME,WAIT,PUT_BIAS,75.0,0.0,75.0,PUT,AGGRESSIVE_DOWNWARD_ROTATION,TIME_PASS,TRANSITION,NEUTRAL,56825.15,1682.65,CORRECT,Spot -21.95
2026-07-30T10:29:00+05:30,NSE:NIFTYBANK-INDEX,MIXED_PREMIUM_REGIME,WAIT,PUT_BIAS,75.0,0.0,75.0,PUT,AGGRESSIVE_DOWNWARD_ROTATION,TIME_PASS,TRANSITION,NEUTRAL,56814.95,1681.3,NEUTRAL,Spot nearly flat +10.70
2026-07-30T10:30:00+05:30,NSE:NIFTYBANK-INDEX,MIXED_PREMIUM_REGIME,WAIT,PUT_BIAS,75.0,0.0,75.0,PUT,AGGRESSIVE_DOWNWARD_ROTATION,TIME_PASS,TRANSITION,NEUTRAL,56798.3,1679.2,WRONG,Spot +64.15
2026-07-30T10:31:00+05:30,NSE:NIFTYBANK-INDEX,MIXED_PREMIUM_REGIME,WAIT,PUT_BIAS,75.0,0.0,75.0,CALL,AGGRESSIVE_DOWNWARD_ROTATION,TIME_PASS,TRANSITION,NEUTRAL,56791.3,1686.4,WRONG,Spot +70.65
2026-07-30T10:32:00+05:30,NSE:NIFTYBANK-INDEX,MIXED_PREMIUM_REGIME,WAIT,PUT_BIAS,75.0,0.0,75.0,PUT,AGGRESSIVE_DOWNWARD_ROTATION,TIME_PASS,TRANSITION,NEUTRAL,56798.95,1685.0,WRONG,Spot +79.00
2026-07-30T10:33:00+05:30,NSE:NIFTYBANK-INDEX,MIXED_PREMIUM_REGIME,WAIT,PUT_BIAS,75.0,0.0,75.0,PUT,AGGRESSIVE_DOWNWARD_ROTATION,TIME_PASS,TRANSITION,NEUTRAL,56775.8,1689.95,WRONG,Spot +99.55
2026-07-30T10:34:00+05:30,NSE:NIFTYBANK-INDEX,MIXED_PREMIUM_REGIME,WAIT,PUT_BIAS,75.0,0.0,75.0,CALL,AGGRESSIVE_DOWNWARD_ROTATION,TIME_PASS,TRANSITION,NEUTRAL,56774.1,1687.1,WRONG,Spot +106.15
2026-07-30T10:35:00+05:30,NSE:NIFTYBANK-INDEX,MIXED_PREMIUM_REGIME,WAIT,PUT_BIAS,75.0,0.0,75.0,PUT,AGGRESSIVE_DOWNWARD_ROTATION,TIME_PASS,TRANSITION,NEUTRAL,56790.5,1683.05,WRONG,Spot +92.90
2026-07-30T10:36:00+05:30,NSE:NIFTYBANK-INDEX,MIXED_PREMIUM_REGIME,WAIT,PUT_BIAS,75.0,0.0,75.0,CALL,AGGRESSIVE_DOWNWARD_ROTATION,TIME_PASS,TRANSITION,NEUTRAL,56806.25,1679.05,WRONG,Spot +91.05
2026-07-30T10:37:00+05:30,NSE:NIFTYBANK-INDEX,MIXED_PREMIUM_REGIME,WAIT,PUT_BIAS,75.0,0.0,75.0,PUT,AGGRESSIVE_DOWNWARD_ROTATION,TIME_PASS,TRANSITION,NEUTRAL,56820.45,1683.25,WRONG,Spot +75.85
2026-07-30T10:38:00+05:30,NSE:NIFTYBANK-INDEX,MIXED_PREMIUM_REGIME,WAIT,PUT_BIAS,75.0,0.0,75.0,PUT,AGGRESSIVE_DOWNWARD_ROTATION,TIME_PASS,TRANSITION,NEUTRAL,56792.1,1684.2,WRONG,Spot +93.65
2026-07-30T10:39:00+05:30,NSE:NIFTYBANK-INDEX,MIXED_PREMIUM_REGIME,WAIT,PUT_BIAS,75.0,0.0,75.0,CALL,AGGRESSIVE_DOWNWARD_ROTATION,TIME_PASS,TRANSITION,NEUTRAL,56820.4,1684.85,WRONG,Spot +55.25
2026-07-30T10:40:00+05:30,NSE:NIFTYBANK-INDEX,MIXED_PREMIUM_REGIME,WAIT,PUT_BIAS,75.0,0.0,75.0,PUT,AGGRESSIVE_DOWNWARD_ROTATION,TIME_PASS,TRANSITION,NEUTRAL,56818.8,1682.6,WRONG,Spot +59.55
2026-07-30T10:41:00+05:30,NSE:NIFTYBANK-INDEX,MIXED_PREMIUM_REGIME,WAIT,PUT_BIAS,75.0,0.0,75.0,PUT,AGGRESSIVE_DOWNWARD_ROTATION,TIME_PASS,TRANSITION,NEUTRAL,56813.0,1683.5,WRONG,Spot +59.80
2026-07-30T10:42:00+05:30,NSE:NIFTYBANK-INDEX,MIXED_PREMIUM_REGIME,WAIT,PUT_BIAS,75.0,0.0,75.0,PUT,AGGRESSIVE_DOWNWARD_ROTATION,TIME_PASS,TRANSITION,NEUTRAL,56808.05,1685.35,WRONG,Spot +62.65
2026-07-30T10:43:00+05:30,NSE:NIFTYBANK-INDEX,MIXED_PREMIUM_REGIME,WAIT,PUT_BIAS,75.0,0.0,75.0,PUT,AGGRESSIVE_DOWNWARD_ROTATION,TIME_PASS,TRANSITION,NEUTRAL,56803.2,1690.05,WRONG,Spot +80.90
2026-07-30T10:44:00+05:30,NSE:NIFTYBANK-INDEX,MIXED_PREMIUM_REGIME,WAIT,PUT_BIAS,75.0,0.0,75.0,CALL,AGGRESSIVE_DOWNWARD_ROTATION,TIME_PASS,TRANSITION,NEUTRAL,56825.65,1682.0,WRONG,Spot +60.20
2026-07-30T10:45:00+05:30,NSE:NIFTYBANK-INDEX,MIXED_PREMIUM_REGIME,WAIT,PUT_BIAS,75.0,0.0,75.0,CALL,AGGRESSIVE_DOWNWARD_ROTATION,TIME_PASS,TRANSITION,NEUTRAL,56862.45,1671.95,NEUTRAL,Spot nearly flat +17.35
2026-07-30T10:46:00+05:30,NSE:NIFTYBANK-INDEX,MIXED_PREMIUM_REGIME,WAIT,PUT_BIAS,75.0,0.0,75.0,CALL,AGGRESSIVE_DOWNWARD_ROTATION,TIME_PASS,TRANSITION,NEUTRAL,56861.95,1673.7,NEUTRAL,Spot nearly flat +5.95
2026-07-30T10:47:00+05:30,NSE:NIFTYBANK-INDEX,MIXED_PREMIUM_REGIME,HOLD_FIRE,WEAK_PUT_BIAS,55.0,0.0,55.0,CALL,AGGRESSIVE_DOWNWARD_ROTATION,TIME_PASS,TRANSITION,NEUTRAL,56877.95,1671.1,CORRECT,Spot -6.85
2026-07-30T10:48:00+05:30,NSE:NIFTYBANK-INDEX,MIXED_PREMIUM_REGIME,HOLD_FIRE,WEAK_PUT_BIAS,55.0,0.0,55.0,CALL,AGGRESSIVE_DOWNWARD_ROTATION,TIME_PASS,TRANSITION,NEUTRAL,56875.35,1670.75,NEUTRAL,Spot nearly flat +2.55
2026-07-30T10:49:00+05:30,NSE:NIFTYBANK-INDEX,MIXED_PREMIUM_REGIME,HOLD_FIRE,WEAK_PUT_BIAS,55.0,0.0,55.0,CALL,AGGRESSIVE_DOWNWARD_ROTATION,TIME_PASS,EXPANSION_BREAKOUT,LONG_STRADDLE,56880.25,1676.2,NEUTRAL,Spot nearly flat +18.10
2026-07-30T10:50:00+05:30,NSE:NIFTYBANK-INDEX,MIXED_PREMIUM_REGIME,HOLD_FIRE,WEAK_PUT_BIAS,55.0,0.0,55.0,CALL,AGGRESSIVE_DOWNWARD_ROTATION,TIME_PASS,TRANSITION,NEUTRAL,56883.4,1670.2,UNSCORED,No future row
2026-07-30T10:51:00+05:30,NSE:NIFTYBANK-INDEX,MIXED_PREMIUM_REGIME,HOLD_FIRE,WEAK_PUT_BIAS,55.0,0.0,55.0,CALL,AGGRESSIVE_DOWNWARD_ROTATION,TIME_PASS,TRANSITION,NEUTRAL,56897.3,1671.1,UNSCORED,No future row
2026-07-30T10:52:00+05:30,NSE:NIFTYBANK-INDEX,MIXED_PREMIUM_REGIME,HOLD_FIRE,WEAK_PUT_BIAS,55.0,0.0,55.0,CALL,AGGRESSIVE_DOWNWARD_ROTATION,TIME_PASS,TRANSITION,NEUTRAL,56896.3,1673.5,UNSCORED,No future row
2026-07-30T10:53:00+05:30,NSE:NIFTYBANK-INDEX,MIXED_PREMIUM_REGIME,HOLD_FIRE,WEAK_PUT_BIAS,55.0,0.0,55.0,PUT,AGGRESSIVE_DOWNWARD_ROTATION,TIME_PASS,EXPANSION_BREAKOUT,LONG_STRADDLE,56885.75,1675.65,UNSCORED,No future row
2026-07-30T10:54:00+05:30,NSE:NIFTYBANK-INDEX,MIXED_PREMIUM_REGIME,HOLD_FIRE,WEAK_PUT_BIAS,55.0,0.0,55.0,PUT,AGGRESSIVE_DOWNWARD_ROTATION,TIME_PASS,TRANSITION,NEUTRAL,56875.65,1671.5,UNSCORED,No future row
2026-07-30T10:55:00+05:30,NSE:NIFTYBANK-INDEX,MIXED_PREMIUM_REGIME,HOLD_FIRE,WEAK_PUT_BIAS,55.0,0.0,55.0,CALL,AGGRESSIVE_DOWNWARD_ROTATION,TIME_PASS,TRANSITION,NEUTRAL,56878.35,1674.0,UNSCORED,No future row
2026-07-30T10:56:00+05:30,NSE:NIFTYBANK-INDEX,MIXED_PREMIUM_REGIME,HOLD_FIRE,WEAK_PUT_BIAS,55.0,0.0,55.0,CALL,AGGRESSIVE_DOWNWARD_ROTATION,TIME_PASS,TRANSITION,NEUTRAL,56872.8,1674.8,UNSCORED,No future row
2026-07-30T10:57:00+05:30,NSE:NIFTYBANK-INDEX,MIXED_PREMIUM_REGIME,HOLD_FIRE,WEAK_PUT_BIAS,55.0,0.0,55.0,CALL,AGGRESSIVE_DOWNWARD_ROTATION,TIME_PASS,TRANSITION,NEUTRAL,56870.7,1673.0,UNSCORED,No future row
2026-07-30T10:58:00+05:30,NSE:NIFTYBANK-INDEX,MIXED_PREMIUM_REGIME,HOLD_FIRE,WEAK_PUT_BIAS,55.0,0.0,55.0,CALL,AGGRESSIVE_DOWNWARD_ROTATION,TIME_PASS,TRANSITION,NEUTRAL,56884.1,1671.05,UNSCORED,No future row
2026-07-30T10:59:00+05:30,NSE:NIFTYBANK-INDEX,MIXED_PREMIUM_REGIME,HOLD_FIRE,WEAK_PUT_BIAS,55.0,0.0,55.0,CALL,AGGRESSIVE_DOWNWARD_ROTATION,TIME_PASS,TRANSITION,NEUTRAL,56885.85,1674.1,UNSCORED,No future row
2026-07-30T11:00:00+05:30,NSE:NIFTYBANK-INDEX,MIXED_PREMIUM_REGIME,HOLD_FIRE,WEAK_PUT_BIAS,55.0,0.0,55.0,PUT,AGGRESSIVE_DOWNWARD_ROTATION,TIME_PASS,TRANSITION,NEUTRAL,56879.8,1673.7,UNSCORED,No future row
2026-07-30T11:01:00+05:30,NSE:NIFTYBANK-INDEX,MIXED_PREMIUM_REGIME,HOLD_FIRE,WEAK_PUT_BIAS,55.0,0.0,55.0,PUT,AGGRESSIVE_DOWNWARD_ROTATION,TIME_PASS,TRANSITION,NEUTRAL,56867.9,1674.3,UNSCORED,No future row
2026-07-30T11:02:00+05:30,NSE:NIFTYBANK-INDEX,MIXED_PREMIUM_REGIME,HOLD_FIRE,WEAK_PUT_BIAS,55.0,0.0,55.0,CALL,AGGRESSIVE_DOWNWARD_ROTATION,TIME_PASS,TRANSITION,NEUTRAL,56871.1,1672.6,UNSCORED,No future row
2026-07-30T11:03:00+05:30,NSE:NIFTYBANK-INDEX,MIXED_PREMIUM_REGIME,HOLD_FIRE,WEAK_PUT_BIAS,55.0,0.0,55.0,CALL,AGGRESSIVE_DOWNWARD_ROTATION,TIME_PASS,TRANSITION,NEUTRAL,56877.9,1666.35,UNSCORED,No future row
2026-07-30T11:04:00+05:30,NSE:NIFTYBANK-INDEX,MIXED_PREMIUM_REGIME,WAIT,WEAK_PUT_BIAS,40.0,15.0,40.0,CALL,AGGRESSIVE_DOWNWARD_ROTATION,TIME_PASS,TRANSITION,NEUTRAL,56898.35,1672.65,UNSCORED,No future row
